window_start_ts,condition_id,side,entry_ask,entry_offset_s,swing_at_entry,entered_on_down_swing,btc_at_entry,target_pyth,final_pyth,price_diff_from_entry,resolved_side,resolved_source,won,pnl
1784993700,0xb78f11774de76db0505cb7d4c80419c7d2bb32c74a204f4a0a09090ce49b5dae,YES,0.99,240,0.01,0,64172.54,64123.22089535,64174.43500000,49.31910465,YES,pm,1,0.01
1784994000,0x7c3cba1385fe6a143373daac37ac110aa2d28c7c77b73a07c08a77078e256ae4,NO,0.95,240,0.00,0,64153.44,64174.43500000,64153.87702096,-20.99500000,NO,pm,1,0.05
1784994300,0x411dc20be0788989867bd57df74f68a54e1a42a9a19817bc0cff23b8a2c97cba,NO,0.95,254,0.08,0,64145.25,64153.95540556,64132.44158566,-8.70540556,NO,pm,1,0.05
1784994600,0x3cb6eefb8d2bfc5c01c562075e7065ec1f772dbb610210e22be55dddd269d3f4,NO,0.95,274,0.16,0,64121.09,64132.00000000,64121.09500000,-10.91000000,NO,pm,1,0.05
1784995200,0x44469758a056b1a3fddc230595b271fe041b4807c16979f9957893f9342bedbc,YES,0.95,267,0.11,0,64124.08,64117.69000000,64128.68909761,6.39000000,YES,pm,1,0.05
1784995500,0x06039cb73e060120a0302181cf7ca559f540dbbfcca6ba197865616e8d3791de,NO,0.98,240,0.02,0,64102.69,64128.54180195,64093.28000000,-25.85180195,NO,pm,1,0.02
1784996100,0x799b07b69613094e6c89e74086be65e72b5d3d57ab791d47980f5ff8eae65b82,NO,0.98,240,0.02,0,64123.31,64147.87014489,64110.45053410,-24.56014489,NO,pm,1,0.02
1784996400,0x3a8eb0450f9f8d2e4ed362f0c629645f55bda1156d86be79d8687b2650e434b2,NO,0.98,240,0.01,0,64084.18,64109.67168911,64078.65499999,-25.49168911,NO,pm,1,0.02
1784997000,0x76384e5d2e77abe55e5c9e20df9fe01277a03fb6bdec7d58746beaf3e6cf8605,YES,0.97,240,-0.01,1,64109.3150,64081.18603067,64122.28048979,28.12896933,YES,pm,1,0.03
1784997300,0x4506ea9ce46bdf59d4c5e9d0f0f6e6abaf9fdf4465928590194fd21fc1f2fa5e,YES,0.95,287,0.11,0,64129.23,64122.49000000,64130.91281390,6.74000000,YES,pm,1,0.05
1784997600,0xfd4ba45fefd79e638ccdd23582038c0a7b4e938740e3a240428060f6c08017ed,YES,0.95,258,0.03,0,64138.13,64130.64887570,64142.80543233,7.48112430,YES,pm,1,0.05
1784997900,0xe8473a666eb7f00b3d0b1b71fbe6b3017a5e6a29ba9c9b43b62f45e22007ef9d,YES,0.99,240,0.00,0,64174.7550,64142.74023117,64167.34750000,32.01476883,YES,pm,1,0.01
1784998200,0x887b9281890e38fbe0d85d5abe127647ae02e4c8b3e52c04860e1da0c88cf9f2,NO,0.98,240,-0.01,1,64144.52,64167.37890694,64145.99000000,-22.85890694,NO,pm,1,0.02
1784998800,0xb080a6aaf4668ab2824cc56dca28eb75c312538354648b14ce14897b865806fe,YES,0.98,240,0.00,0,64171.11,64149.95005002,64174.76804154,21.15994998,YES,pm,1,0.02
1784999100,0x89217ba51703ddd869530d6f1970cbf0a596546485d37f9c62df1273dc24f43d,NO,0.95,283,0.02,0,64160.9,64175.31535334,64163.58170739,-14.41535334,NO,pm,1,0.05
1784999400,0xf68ddc5bdb16d4213381c14789dd018261a3e9eaa6ff03ad68000d504f550104,NO,0.95,243,0.01,0,64141.37,64164.09501759,64147.80752692,-22.72501759,NO,pm,1,0.05
1784999700,0xfa7e6536852aa2457d44c635917f642da743b1bb4af90e2f0816263ef039abb9,YES,0.96,240,0.01,0,64171.68,64148.02895274,64160.80000001,23.65104726,YES,pm,1,0.04
1785000000,0x4f6786f80928a09bcd9c19c2a8876d0b3218462ceb1873a11ab62245d81c04e5,YES,0.99,244,0,0,64185.36,64160.80000001,64191.09338253,24.55999999,YES,pm,1,0.01
1785000300,0x7d193fd0c4a333c17f25a9849e5baf0ba323a2ed6d97319e9df7e6bccafec572,YES,0.98,240,0.00,0,64215.93,64191.01856137,64209.17695588,24.91143863,YES,pm,1,0.02
1785000600,0xa50178c392a39849775d264748fde29ddc9e4ceec35114fd26d139f4bac0ab14,YES,0.95,247,0.07,0,64235.65,64209.17695588,64235.44500000,26.47304412,YES,pm,1,0.05
1785000900,0x44b7dabc684997f3541e3a21f5bd97660e07aec40683e5831ce697a823e80716,NO,0.99,240,0.01,0,64211.8,64235.28617482,64199.73000000,-23.48617482,NO,pm,1,0.01
1785001200,0x4f7f52b8c44df833c872f4cfed84f4ef4886344eebff16af4f24b3b40137424f,YES,0.99,240,0.00,0,64225.79,64199.73500000,64224.31000000,26.05500000,YES,pm,1,0.01
1785001500,0x969ffd7a66a4a668717b736232f6c8b2c2e3c6bbc3f3eb549f1dd0e8a1ef01ec,NO,0.95,261,0.04,0,64206.7550,64223.49999999,64206.34500000,-16.74499999,NO,pm,1,0.05
1785002100,0x0a6e57a4b9e04cecf3a54587b9aa6ce5d476dd0ccd7fd416b414d4ce7e6ebb50,NO,0.97,240,0.00,0,64186.29,64205.97152441,64202.14500002,-19.68152441,NO,pm,1,0.03
1785002700,0x629f7dba269e137b3e06c70333c21ac830cb56fa1772606363b0e0b7c8d6e181,NO,0.95,261,0.08,0,64286.6350,64302.27909752,64282.58404415,-15.64409752,NO,pm,1,0.05
1785003000,0xa3258e804f9b3dac507b663a30bd15b0d09e633cc21a5c3aae78383555addaaf,YES,0.96,240,0.00,0,64311.7,64282.66260955,64294.86914413,29.03739045,YES,pm,1,0.04
1785003300,0x6bdfa6982b2d744c79f0aabec6cae5e6d383bcc48514656e946fe87e986e201f,YES,0.97,243,-0.02,1,64308.43,64295.17371829,64310.00500000,13.25628171,YES,pm,1,0.03
1785003600,0x5cd661ba908f55aaa31aa75166d039890d2839ba98a85f7ec0fe85fd3d5cdbd1,NO,0.95,282,0.16,0,64303.6050,64310.00500000,64303.99000000,-6.40000000,NO,pm,1,0.05
1785003900,0xd152d309dcac047c5fe9483b64c6edbe7d1d98d11a10f10b19b865d38f298454,YES,0.98,240,0.01,0,64336.7450,64303.62467006,64357.99503004,33.12032994,YES,pm,1,0.02
1785004200,0xc4159b0d411a53e87788ae5115a97866875b5a34fb70072c2d922f640ae9f27e,YES,0.98,255,-0.01,1,64372.3850,64357.99503002,64367.31830035,14.38996998,YES,pm,1,0.02
1785004500,0x1d6270192ee47344110e8eb8cacc541a316c7ef8a788e7ad8b58bd6f6ab387e9,NO,0.99,240,0.01,0,64328.32,64367.41741718,64332.89999999,-39.09741718,NO,pm,1,0.01
1785004800,0xa401881938611584a681b869b93b7634b02c9e510a830e8a7c4108ce30e62fd4,YES,0.96,266,0.11,0,64340.49,64332.68275498,64334.98751504,7.80724502,YES,pm,1,0.04
1785005100,0xe3fca562c986099b4d66056e54ad5b2bdd5778e475595d95e1c16975219a5a12,YES,0.96,240,0.00,0,64361.0,64334.98751505,64358.31105268,26.01248495,YES,pm,1,0.04
1785005400,0xa003e63a9612793165fc0fcc4dff7925e73784aba05541f2e6c4fe57b30619e3,NO,0.95,246,0.04,0,64338.6950,64357.49282440,64331.95000000,-18.79782440,NO,pm,1,0.05
1785005700,0xbb1e53d58b9d9fe20baad3c125f788eadee59657ea2828a96e86dabdb1909f85,YES,0.99,240,0.00,0,64373.21,64331.95000000,64354.69000000,41.26000000,YES,pm,1,0.01
1785006000,0x747f861ab1d3d5bef29256347f396d57ba46deb794d0777622b1149ce51bda99,YES,0.95,247,0.12,0,64367.64,64355.93715045,64377.01564653,11.70284955,YES,pm,1,0.05
1785006300,0xfd826af48227940e26832bcaa60217da0b3086adc8d40f0832d7b886e252d760,NO,0.95,240,0.01,0,64359.18,64377.10000000,64363.61000000,-17.92000000,NO,pm,1,0.05
1785006600,0xf78ad84fe422525cda85bb4931020d51f00c14d5437f48ddb5f5b3cc4b4e061a,YES,0.95,252,0.04,0,64372.78,64363.05000000,64375.48250000,9.73000000,YES,pm,1,0.05
1785006900,0x7ae1b6314aa7e81b883559e0df9ffcddcd5302c221cfae88bfe26c784bb749ce,NO,0.99,240,0.00,0,64345.48,64375.48250000,64351.80000001,-30.00250000,NO,pm,1,0.01
1785007200,0x81d2f1129dc462abc94aafbc57a320e6e43b92fc897bdd5d8a0eaa00e4928191,YES,0.96,240,0.00,0,64364.26,64351.80000001,64358.87202989,12.45999999,YES,pm,1,0.04
1785007800,0xf85bceb94d4a020dbd34b4faa44738bf33745ba7990191d20a035e9ac71c0465,YES,0.96,242,0.02,0,64353.4450,64351.04253810,64353.67823000,2.40246190,YES,pm,1,0.04
1785008100,0x171d5596d62355b2ec480a50bc4c019b9dd14d430ea5229fed78b14f846c825a,NO,0.97,247,0.33,0,64342.5950,64352.11500000,64338.46880991,-9.52000000,NO,pm,1,0.03
1785009000,0x32ffe1d78fb06be388bf2dc046715b63deadb5d80fc6823dacd0cdcd74c90701,YES,0.98,242,0.02,0,64359.2850,64336.52872011,64359.93990407,22.75627989,YES,pm,1,0.02
1785009300,0x3e28e6595e1b543c62622dcbd11f2b66abe905128213af703ffd27aa41a238e6,NO,0.95,240,0.03,0,64332.68,64359.94657849,64328.45000000,-27.26657849,NO,pm,1,0.05
1785009600,0x94a7e3fb488687b04847cf863051a5ce03c88481324e1959921196c0fdddc76c,NO,0.95,250,0.02,0,64301.1550,64328.45000000,64301.34499998,-27.29500000,NO,pm,1,0.05
1785009900,0xa601161c4d57fddb78949ea1aa7298df4b07bb2df0a9b2fc27ed883ac218d615,NO,0.95,250,0.02,0,64288.4950,64301.34500000,64283.00000000,-12.85000000,NO,pm,1,0.05
1785010200,0x60ffb3ae755ae769ff33cc2c1cfedc881b6bc8b440c2d2c2d28f3cc9dd2e72c5,YES,0.99,240,0.00,0,64326.23,64283.15944096,64312.17141881,43.07055904,YES,pm,1,0.01
1785011100,0xa4c90423279fb7295d7d9a4bed4ed2e27ef43c7860d8ea277738b1bb54616f77,YES,0.95,275,0.08,0,64312,64308.60541317,64309.03380495,3.39458683,YES,pm,1,0.05
1785011400,0x8da2e3bfe8b998f6a2645ba5c06d61eb86247db9fcc8bc61d993286d4ce351d8,NO,0.95,247,0.03,0,64291.43,64308.73224550,64279.13802976,-17.30224550,NO,pm,1,0.05
1785011700,0x0b65349a1b4dc6b057baa47ebfde4f6d9dfa21a44e9c87fdc1d1bb40de51be24,NO,0.95,286,0.04,0,64263.37,64279.13802976,64266.86459472,-15.76802976,NO,pm,1,0.05
1785012000,0xbeda3b7518a2aba7972a0927be5ca06c0f95d9db5968dc3a92e0df5d7209c604,NO,0.95,283,0.09,0,64255.99,64266.41114747,64258.24000000,-10.42114747,NO,pm,1,0.05
1785012300,0x452c56cde64357bb7ae37543a0819981ec721749ac4bdeda02b9bd31e12fbd74,YES,0.97,279,0.04,0,64261.42,64258.42354766,64269.50547524,2.99645234,YES,pm,1,0.03
1785012600,0x81a08168350cf97386e841b41e8efedea72748738a48d230c6a5f950344786fe,YES,0.95,289,0.07,0,64276.03,64268.91556796,64275.08872730,7.11443204,YES,pm,1,0.05
1785013200,0xcb5492f5bd2d021b4e7da064047402c41c06199e7f75b54254579aee8c3b1b41,NO,0.98,240,0.00,0,64252.1650,64274.90000001,64250.88854650,-22.73500001,NO,pm,1,0.02
1785013500,0x77de4068c8b1945536b655ef0cf825e6f7302c4f273d23218be820f7995280ca,YES,0.95,277,0.12,0,64252.250,64250.65000000,64251.00500000,1.60000000,YES,pm,1,0.05
1785013800,0x98b9ef1405bfd9aa8308a24302da9360340245141618a357bc55e1701b2b9f34,NO,0.96,240,-0.01,1,64218.78,64251.00500000,64217.47179683,-32.22500000,NO,pm,1,0.04
1785015000,0x104a46dc2a59a31f1decb64ac8a2dea790b9b3e4964ea6c406bcc27f0bb82771,YES,0.99,240,-0.01,1,64281.28,64234.24503002,64298.16174008,47.03496998,YES,pm,1,0.01
1785015300,0x75c2c95a9b20ee1d9ee3605b5660eeefedccb226bb4fd6f87410dbcf4aa2687c,NO,0.95,275,0.20,0,64288.91,64297.70221141,64290.80000000,-8.79221141,NO,pm,1,0.05
1785015600,0x7b0440e710f40e3e34d48312bda18da99471396c41145fa1b4478d35fa4f5d90,NO,0.95,261,0.18,0,64288.0950,64290.60124682,64277.62200280,-2.50624682,NO,pm,1,0.05
1785015900,0x1e6126cf16a407a75b8752e5e710dca59a63a36f29b70cd0e9a2798be1a5c6b8,YES,0.99,240,0.00,0,64346.58,64277.58328621,64342.26503006,68.99671379,YES,pm,1,0.01
1785016200,0x49042fb3209b5898746c6eb0a9fbf7c4ddf8255d328f005bfb8726c1f10a2d0b,NO,0.95,253,0.07,0,64297.5,64342.26503003,64297.32160185,-44.76503003,NO,pm,1,0.05
1785016500,0x3ee0da006a8c0e0555fff4841614477e9cc02ab72d9e3b3d957abe004db363a2,NO,0.95,250,0.16,0,64283.1150,64297.32000000,64286.44571693,-14.20500000,NO,pm,1,0.05
1785017700,0x3fcc6822f5067644df6b388c7d1d19b85c6539e43bdb60d133a5ee3c10538ec3,NO,0.95,286,0.47,0,64339.818,64343.95432260,64337.82515399,-4.13632260,NO,pm,1,0.05
1785018000,0x445f01d99737486a0bf8187936413592f07ce93e3bb57e0d4a3883ea80b068cd,NO,0.95,286,0.10,0,64332.64,64337.87210926,64329.40574369,-5.23210926,NO,pm,1,0.05
1785018600,0xae8cdceda4e5b270a8b863dfdf294b446c300f07afd71449e228a142646f9ddf,NO,0.95,240,0.00,0,64297.69,64332.28000000,64299.01000000,-34.59000000,NO,pm,1,0.05
1785018900,0x79ba6d7476248d24f1881c8b809c2d16405da9aea50ec39878d63ca13cdd3e0a,YES,0.99,240,0.01,0,64339.82,64299.04437779,64339.20000000,40.77562221,YES,pm,1,0.01
1785019800,0x92f4d0c6be309bb111dab40dc6ba8c6bef39aba1e8ab2926941441d893584e73,NO,0.95,280,0.21,0,64347.9850,64350.18228498,64344.73487171,-2.19728498,NO,pm,1,0.05
1785021000,0x866d56db4e5ab4b6521db274bad437ae9413adf1e263311d6690d9fcde3afe32,NO,0.95,289,0.27,0,64349.02,64351.19000000,64346.20148786,-2.17000000,NO,pm,1,0.05
1785023100,0xc1f0f56e65266df986e1c58f8321f3ccc4615715be6c8e1009a719cf9ca1fcc2,YES,0.95,258,0.01,0,64337.150,64328.14751503,64329.67248246,9.00248497,NO,pm,0,-0.95
1785023400,0x39ede9bf8393d10ce4af746d8802734e3a7f437cca61794d0d21e677456e4ed9,NO,0.97,273,0.00,0,64304.02,64328.33736543,64305.20062795,-24.31736543,NO,pm,1,0.03
1785024000,0x7e814293088259a28487aa8af9305a6bac13b56e658409ca36ef96b09c62a1c9,YES,0.95,275,0.01,0,64319.9,64309.73000000,64326.55000000,10.17000000,YES,pm,1,0.05
1785024300,0x783e029eac7387b84fac618484ff49d973910f94dc6040c68aeedcc5749716c7,YES,0.98,240,0.00,0,64369.22,64326.71503006,64361.39000000,42.50496994,YES,pm,1,0.02
1785024600,0x3da3cfbc9b02a9f102bec3b73ef30ea1926b7cea8036df9864334ef5bda422eb,YES,0.95,270,0.05,0,64369.24,64361.51212103,64371.56000000,7.72787897,YES,pm,1,0.05
1785024900,0x03324fec5072346625e2ade966fa573152ff0ead47ac5d8a1166e97c391cdc92,NO,0.95,288,-0.05,1,64363.60,64371.60715453,64363.64698383,-8.00715453,NO,pm,1,0.05
1785025200,0x57f37cac8e973fc963f9ab92bf616c07bab5e764c24aac615a855740b6298bd5,YES,0.95,255,0.06,0,64381.60,64363.43258213,64398.67526206,18.16741787,YES,pm,1,0.05
1785025500,0x49d15dcf603ce42b5e063aa346d1d12b057672bfcb48d9aae9c48cddbdb44e35,YES,0.95,265,0.01,0,64410.26,64398.82242016,64413.87617279,11.43757984,YES,pm,1,0.05
1785025800,0x5b9bb7fd807fb2b8979b9a9f07036db7312bf4a084f58938667ccfedfca0cc3f,NO,0.95,259,0.03,0,64397.85,64414.04636807,64400.50000000,-16.19636807,NO,pm,1,0.05
1785026100,0x9e0d941e8bafb7f6c0731fa15f529ca9102429744e4b6f8bf74e60e01c17d837,NO,0.95,258,0.05,0,64388.350,64398.42245654,64360.83091097,-10.07245654,NO,pm,1,0.05
1785026700,0xe4a5cfc32f10c3cc03b2c104b63d7e560dd159d2586845d7009b6ec3c1dfbb86,YES,0.95,248,0.12,0,64368.9950,64358.32673658,64363.15500000,10.66826342,YES,pm,1,0.05
1785027000,0xd8c7e7286f8fce98f3b3d0a3e9f1076ef2d9c21cb1ee2b32a81b3cfbb01a0a05,YES,0.99,240,0.00,0,64421.49,64363.16000000,64416.34940238,58.33000000,YES,pm,1,0.01
1785027300,0x6c0529846fd87559429fb702416d4da1c9566cfd15317f9faaf62c436483a71a,YES,0.95,240,0.00,0,64433.96,64416.39451005,64445.95832485,17.56548995,YES,pm,1,0.05
1785027600,0x24bbd0ed96e62459013ca3421c29e92ac536e87f6674358e27573107fc4c6543,NO,0.97,240,-0.02,1,64420.12,64446.38514007,64418.40482314,-26.26514007,NO,pm,1,0.03
1785027900,0x69e7b0461d32b0bfc560f8b1cd0366d2b70fcb57125ec3607373faf3b680c794,YES,0.96,287,0.06,0,64421.11,64418.40029169,64421.35038144,2.70970831,YES,pm,1,0.04
1785028200,0x8af1abb8872373e2a7186101207187fef1b5ef0885f1643444d2eaf8e253069f,YES,0.96,240,0.01,0,64436.88,64421.11000000,64440.94063437,15.77000000,YES,pm,1,0.04
1785028500,0x28e908b668e9faddb8846680d717387c6c34676fe9154a03ec5b8ee26dc9041d,NO,0.96,240,0.03,0,64426.96,64440.43590832,64434.29500000,-13.47590832,NO,pm,1,0.04
1785028800,0xa38211e1c3aa87752c69e47ee2d7f382df481d140370f5622cecc5937e35538f,NO,0.96,240,0.04,0,64417,64434.29250000,64419.37146625,-17.29250000,NO,pm,1,0.04
1785029100,0xab877f578c19b219c9ce026fdc9c71aa7c47fec348e0ec456c937faa85f46a1c,NO,0.95,284,0.12,0,64418.2450,64419.45669057,64418.25621685,-1.21169057,NO,pm,1,0.05
1785029400,0xfceb9d1ff52ed724b2808d49e97f621da786b479f9d7ce87c10b030893a7a0a2,YES,0.98,248,-0.01,1,64426.7250,64418.38970464,64430.58937637,8.33529536,YES,pm,1,0.02
1785029700,0xdd90cfb106e6f50c4ea88bcb600a05903ab9fcdb55505bf2ea0b8ecefb4ba0d2,NO,0.95,270,0.13,0,64425.68,64430.58937637,64430.09591720,-4.90937637,NO,pm,1,0.05
1785030000,0x05dddc095e06334604ccf7e79aa81cf43669ae70ffd0a445f02f3a1ae31565e9,NO,0.97,283,-0.01,1,64409.44,64430.14692318,64418.22506672,-20.70692318,NO,pm,1,0.03
1785030300,0xb5195f9eb695d62941333182b52ecc1fadc9bc84e2e55e5313a716aec4f2545a,NO,0.95,267,-0.07,1,64402.5550,64418.40016842,64405.45183269,-15.84516842,NO,pm,1,0.05
1785030600,0xd1691dfe5eb8717df4a3827d47b0c7e0238729e49f7ccbb3e334ce33cda74cce,YES,0.95,248,0.32,0,64427.6550,64413.69437946,64422.59500000,13.96062054,YES,pm,1,0.05
1785030900,0xea7d0bf7c8b13adf7667214e98ac10e18438513972394794096ab1ea1c812dcb,NO,0.95,240,-0.02,1,64390.87,64419.88500000,64402.81500000,-29.01500000,NO,pm,1,0.05
1785031200,0xb7f1f98359a3a2b92c0c1f206f2497ba0b9ffd799fd03fd525b6b4fe0a1f8bd6,NO,0.95,283,0.05,0,64396.34,64403.13250000,64395.07500000,-6.79250000,NO,pm,1,0.05
1785031500,0x45234f9ed9646ebc9aaffff56151fa30c3916725f9fde2e12153c67d176806e1,NO,0.97,240,-0.01,1,64368.43,64395.07500000,64375.92388493,-26.64500000,NO,pm,1,0.03
1785031800,0xb00174701df759461a7fad6167c5bc1e8ac3ed0366668588fc6e0a7f01d7624d,YES,0.99,240,0.00,0,64416.14,64376.07175167,64413.82569015,40.06824833,YES,pm,1,0.01
1785032400,0x4db91d7554e2691e67898b9963713e0e3eda9f3c48ec4e2b4203ac7d7b2473e9,NO,0.95,255,0.03,0,64392.93,64406.44821392,64385.57412513,-13.51821392,NO,pm,1,0.05
1785032700,0x08807a0bf2df159c063f55d6a3c77fae3b912ea28f39d66f74ccdb60a1eff63a,YES,0.99,240,0.00,0,64416.59,64385.68610059,64417.57000001,30.90389941,YES,pm,1,0.01
1785033000,0x74ac2ebaf3184044669fc072f98109442bbfd1519d00eac1318946c74d7288d4,NO,0.99,240,0.00,0,64371.3,64417.57000001,64381.31780725,-46.27000001,NO,pm,1,0.01
1785033300,0xdbfd265a132940a696d60a8685f6b08f94a47c1783df0fc36bfbc337af24f263,YES,0.96,282,0.10,0,64383.9750,64381.11780725,64384.25000000,2.85719275,YES,pm,1,0.04
1785033900,0xedbdc07647e33e7668c4576f62dfa69d4df45574271058f44008783a5d6890ef,YES,0.99,240,0.00,0,64407.37,64381.30000000,64410.13499999,26.07000000,YES,pm,1,0.01
1785034200,0xce9b13d10218668cdb74b76bfa73933e2cca372a00f1ff8e24eb63fdaaca54b2,YES,0.99,240,0.00,0,64447.99,64410.25000000,64460.46470581,37.74000000,YES,pm,1,0.01
1785034800,0x4c056dc8682828e86f2237bcd272cdaa71dca8926cbfd213e8f4ee40c9f925fd,NO,0.97,240,0.05,0,64439.38,64464.01436083,64439.40503010,-24.63436083,NO,pm,1,0.03
1785035100,0x00efc4eb860cc393563269d1b0e4f57509110a6c9660678808d4eeab1f24534e,NO,0.95,258,0.14,0,64426.14,64439.40503010,64442.65187127,-13.26503010,YES,pm,0,-0.95
1785035700,0x4dbf3f3a342c0059770b32cc2bb5574b28f16aec615acf6807e49baa89b866a9,NO,0.99,240,0.00,0,64482,64516.58650235,64481.01500000,-34.58650235,NO,pm,1,0.01
1785036000,0x8122d4bd551edb76f5144823f5bd79ddc15bbdf311fe18ede0187f2449853bdb,YES,0.97,240,0.00,0,64495.57,64481.01499999,64497.99250000,14.55500001,YES,pm,1,0.03
1785036600,0x5e21924b9a5b62b357a0610fcc3d462442e7ae479d24be33379117480c820244,YES,0.95,269,0.04,0,64508.10,64494.50049122,64512.92249999,13.59950878,YES,pm,1,0.05
1785036900,0x3133116c08f0fee09e96337748ce16d65abf37b7a0f17e02d420df129875a77a,YES,0.95,259,0.18,0,64512.93,64512.75584785,64518.79681587,0.17415215,YES,pm,1,0.05
1785037200,0xf6cbf157d658c0d43afeb960f22ef71cf8abdd54b4d2147f6a19d39421ed3937,NO,0.95,284,0.01,0,64492.37,64519.01382599,64483.22006675,-26.64382599,NO,pm,1,0.05
1785037500,0x7de65c59bb020bbc8387c183897f30a6d8f460f383ff06eebf85ed1a82925ef7,YES,0.95,284,0.08,0,64485.22,64483.09206241,64483.22297291,2.12793759,YES,pm,1,0.05
1785037800,0xef14e661a3146dfe5dfbe019cdfd6b8d21e190ae6770ce421ec0c934e27a817e,NO,0.95,283,0.37,0,64480.04,64482.94219240,64483.05233303,-2.90219240,NO,pm,1,0.05
1785038400,0x87726275df0b5daee5a5950e93c10e9cf23581536892078ea54fd0146473fe66,NO,0.97,240,-0.01,1,64468.86,64490.65850143,64477.93000000,-21.79850143,NO,pm,1,0.03
1785038700,0x5ef36f65235bea13896756cfa32cda163a4220be1df7321bc9849777f9619950,NO,0.97,240,0.00,0,64454,64477.81000000,64450.42500000,-23.81000000,NO,pm,1,0.03
1785039000,0xb96efe77e86e05155b6ab9e496af5454166c061af8d0854198a6374aec88b946,NO,0.95,269,0.14,0,64445.81,64450.43000000,64441.34287151,-4.62000000,NO,pm,1,0.05
1785039300,0x4619e82d897b1e3ce517d99f4a2077313de0a34acf8e88f7f9e4382c130720fc,NO,0.95,285,0.18,0,64439.29,64441.35483696,64439.06390039,-2.06483696,NO,pm,1,0.05
1785039600,0x32fafadd62559c35733dbc29654e18361fd949e6ce399f03e81ce9857565b655,YES,0.99,240,0.00,0,64466.38,64438.93503005,64475.18976836,27.44496995,YES,pm,1,0.01
1785039900,0xfcaf051352f24ca34ce0027b0aa84caad3241dff9b6ff269aad80167544c76a5,YES,0.95,240,0.02,0,64486.6,64474.40348180,64487.68660731,12.19651820,YES,pm,1,0.05
1785040200,0xcab52ed049f276428469b5f899c58d5259496dedaed6196571eb11385eb2f475,NO,0.95,258,0.02,0,64476.4350,64487.33318171,64476.95537780,-10.89818171,NO,pm,1,0.05
1785040500,0x6087b172be9f49667da21bb473ae7699f53b09345e30bca195a023e111f79425,YES,0.97,240,0.00,0,64495.2350,64476.95537780,64491.40329073,18.27962220,YES,pm,1,0.03
1785040800,0x8c732e8a51a741f606c12cfbd00231d66b9ace90e180a617114aceeca568cf72,YES,0.95,269,0.04,0,64499.36,64491.75264665,64514.34249423,7.60735335,YES,pm,1,0.05
1785041100,0xf08ce5f98f75f3ff28e43501f9beeca1ca3ccda559c8a933f6440eb2290721e3,NO,0.95,271,0.15,0,64505.19,64514.70000000,64503.24503004,-9.51000000,NO,pm,1,0.05
1785041400,0xd599a65ac8a4652faa7bd4eedf94aebe6e9ee4a452199a800faaa4ba48c711a2,NO,0.96,240,0.07,0,64480.98,64503.24503005,64488.13822998,-22.26503005,NO,pm,1,0.04
1785042000,0x14b2d90fd9c229f11a81bcbd8f276e8da6ccee3231adf5895b390c0611e18edf,NO,0.95,240,0.00,0,64450,64466.13982874,64444.10120353,-16.13982874,NO,pm,1,0.05
1785042300,0x28452c3fe47fefcd02d3d15f9559aa0d4d290fae47ee144dc3d49392632a4703,NO,0.95,255,0.17,0,64435.51,64443.45637023,64440.60500000,-7.94637023,NO,pm,1,0.05
1785042600,0x041e4fe4e9a3ccc9497eeb691481b55e7d7cc3fc3137999d93272497dbf4699e,YES,0.96,240,0.04,0,64454.6950,64440.60500000,64454.22751502,14.09000000,YES,pm,1,0.04
1785042900,0x6b78549ad5d5547a8bdfdce2eda72c6ac8dc9c4373be0cdff317f839f9cdb20e,NO,0.95,241,-0.01,1,64444.18,64454.21001505,64446.33939966,-10.03001505,NO,pm,1,0.05
1785043200,0xa5b8d073bb395e2bed1f34b6dcbd700aeb8d7fc8d62505cd0727dcdaddafc3be,NO,0.96,288,0.33,0,64441.20,64445.87478432,64441.87833464,-4.67478432,NO,pm,1,0.04
1785043500,0xff69f42e8731da991bdd10792cf786360144794dd2daade6e84a7229ce577e55,NO,0.95,240,0.03,0,64440.5,64442.12407991,64429.11345178,-1.62407991,NO,pm,1,0.05
1785043800,0xc1f2da98e78aba3545a2324451ac348892b1c221a75c3c0c2c0a9a5a7594fc8a,NO,0.99,260,-0.009,1,64383.35,64428.99999999,64399.27750000,-45.64999999,NO,pm,1,0.01
1785044100,0x8f1331167f147e13141d61c6dc50ec42c9b58e324fa55f2d28ec816ae7675573,YES,0.95,256,0.02,0,64412.28,64399.27499999,64408.34870737,13.00500001,YES,pm,1,0.05
1785044400,0x8b89e8937d367badcf9f14b69500d5cd9241f24f86606b8356deb790489e50e6,YES,0.95,283,0.09,0,64412.3650,64408.23680080,64412.58320547,4.12819920,YES,pm,1,0.05
1785044700,0xbdf832822b96323507b5e5fa6ad0f1e784ca995f356ebc132f96e0f6b313e156,NO,0.97,240,0.01,0,64401.6350,64412.78481175,64399.94951816,-11.14981175,NO,pm,1,0.03
1785045000,0xe179483a04a212bdc9dd2292cf891889362d5c50f21d366b8da8667209650b49,NO,0.96,240,-0.02,1,64384.0950,64399.94256392,64378.08736203,-15.84756392,NO,pm,1,0.04
1785045300,0xcd76e394f3f0e3d8d602467a30a8c7aa1014d95ce09cf7cd4df0d2f420c55e4f,NO,0.95,250,0.01,0,64367.59,64378.15247668,64356.93473324,-10.56247668,NO,pm,1,0.05
1785045900,0xdd343a6a6fabdfbf2b79929f875e4466ee4053b771e42465743b61c4b54d7377,NO,0.99,240,0.02,0,64317.550,64344.58552483,64316.98436745,-27.03552483,NO,pm,1,0.01
1785046200,0x77bdb8c42d0eb8181fcfc50e9243900ff7f6beb530a0b1c8fa9de3371ff7b8ba,NO,0.98,240,0.00,0,64293.71,64316.92005072,64292.09000059,-23.21005072,NO,pm,1,0.02
1785046500,0x16b27b2e4ae70e458680e5d07e19c454adbedb2ea0d97335e0bd0af6e5efc79d,NO,0.95,273,0.05,0,64282.17,64291.65670350,64273.23527284,-9.48670350,NO,pm,1,0.05
1785047400,0xf59471358e6eefc577e34c1f74c47d394253bbc84f36aadf066764feb35a468f,YES,0.96,240,0.06,0,64265.21,64240.40000000,64277.36000000,24.81000000,YES,pm,1,0.04
1785047700,0x69072a2f1497a196f01634e5be673817d9e78c5be0e4938bcacfaaca5678589a,YES,0.99,240,0.01,0,64301.38,64278.55427966,64320.12900485,22.82572034,YES,pm,1,0.01
1785048000,0x5c8bf89bc019345186093af62adda98b56ee3575c64d41ca513b32f988b04981,NO,0.97,259,0.61,0,64313.65,64320.55500000,64314.12499999,-6.90500000,NO,pm,1,0.03
1785048300,0x60c948dcf165e51d6e34fe1ed040e362492654bcab7813e9b546144626d7b791,YES,0.95,258,0.07,0,64342,64314.12500000,64342.00503005,27.87500000,YES,pm,1,0.05
1785048600,0x6a1d5a76ceb0aa75b8309efaabd9e7735c8303b13fca65a10501309ccd871945,YES,0.97,240,0.01,0,64359.59,64342.00503004,64361.35000000,17.58496996,YES,pm,1,0.03
1785048900,0x0cdce2c9e14368cbb9cb1d9340e499c4b1195c5ce268b5f9bde70b1012b0ce60,YES,0.95,240,0.02,0,64378.64,64365.57117800,64377.17500000,13.06882200,YES,pm,1,0.05
1785049200,0x65d8cdd54f80cfb3e2f92870afb4b32c91d99701ebc5eac9c8021faff84ae9ee,NO,0.95,287,0.19,0,64377,64377.17500000,64372.72687696,-0.17500000,NO,pm,1,0.05
1785049500,0x0f67debba3c03e06d3a9555564513ed7728b8d54c6bd1fce5ff2846132888f04,NO,0.95,267,0.24,0,64367.9750,64372.08250000,64359.24514407,-4.10750000,NO,pm,1,0.05
1785050100,0x579fd7371011c31451e0e200d586c8454d999665ef12be42fa9df72ebbef00a4,NO,0.95,254,0.37,0,64362.1,64362.54329987,64339.71703541,-0.44329987,NO,pm,1,0.05
1785050400,0x8579e53b2ccc016cd309476146761cf5f69eb3e59035007cc48ad4c3c5ea52fe,NO,0.99,259,0.01,0,64306,64339.72100314,64306.58282386,-33.72100314,NO,pm,1,0.01
1785051000,0xef0bb290c9eeb76ea6a321fb3e784a1a60dbfaaee7c7faf7d42dc7de654d26db,NO,0.95,285,0.01,0,64304.13,64308.09671648,64305.28402069,-3.96671648,NO,pm,1,0.05
1785051300,0xeb0aac7a6c074c82159c32704901f6964320516d6bf9c70fc2563046f708c22d,NO,0.95,242,0.01,0,64291.1550,64305.35562196,64291.79000000,-14.20062196,NO,pm,1,0.05
1785051600,0x114dc7ea20f204fb60587af7f41249997e1641ad96df3b2e4be81cbccfa4871b,NO,0.95,286,0.14,0,64291.07,64291.79000000,64285.98553999,-0.72000000,NO,pm,1,0.05
1785051900,0xf97cd1d84f71cf0d0f1452525d7ec48582eded77de60674125a086af14a492c3,YES,0.98,240,-0.01,1,64310.25,64286.27499999,64317.54000000,23.97500001,YES,pm,1,0.02
1785052200,0x94cab48f0090d9e2179e400ceeb16527b35968dac2adb1ef92fd066003ccc487,NO,0.95,271,0.05,0,64310.90,64317.53751502,64309.10935584,-6.63751502,NO,pm,1,0.05
1785052800,0x5b2158974571d8e8265559edef1d3dd554e1a5205664c0913918045e62fba192,NO,0.97,240,0.02,0,64290.41,64309.99613732,64295.95000000,-19.58613732,NO,pm,1,0.03
1785053100,0x7fbb6e92293fe41c4bb70c452bb6f2ede4bb3db2f842064f2995b2b350ec7a47,YES,0.98,240,0.08,0,64312.1950,64295.69281620,64316.99244878,16.50218380,YES,pm,1,0.02
1785053400,0x1a40bb0fc03eda96cc46675578e9f4f86fb4696bf8dd4c32f66aeadfb56d905f,YES,0.95,240,0.01,0,64327,64316.98503006,64329.06503003,10.01496994,YES,pm,1,0.05
1785053700,0x6196fddd89f9020ae144ce6173125ecf99b6c71738cf91e4ff5e0277b773e003,YES,0.96,255,0.05,0,64336.83,64329.06503002,64343.26000000,7.76496998,YES,pm,1,0.04
1785054000,0xd3daebb91fbaa416fa93877a804271c06324c6581a21dd7e124a7eebbbc34ece,NO,0.95,243,0.03,0,64342.87,64343.26499998,64333.35240821,-0.39499998,NO,pm,1,0.05
1785054300,0xcaa43729f7f4b87e261a7946f3aea3ba528084481274cd22baf2099eabc2fc4d,YES,0.95,276,0.02,0,64338.6650,64333.18749747,64338.84264360,5.47750253,YES,pm,1,0.05
1785054600,0x3d343d33ea2fcc7a68ec3b6c21af99d412ec7966d89b6f1329fbea4f566749a6,YES,0.95,279,0.26,0,64340.550,64338.85221952,64342.10000000,1.69778048,YES,pm,1,0.05
1785054900,0x69d885fa6636f3fa02b59b426666ec90f8189594013c4b2a8fc3a601f500e0f9,NO,0.95,280,0.07,0,64338.46,64342.10000000,64340.24548533,-3.64000000,NO,pm,1,0.05
1785055200,0xbe9517f712d4737184555a5d6ce107a60e383343394b2534fddbb79c7f67acf6,YES,0.99,240,0.00,0,64372.34,64340.14500000,64382.94519578,32.19500000,YES,pm,1,0.01
1785055500,0x85690299a7340382b2bb3687c226c34f73063bc7f3746d6560d8a7258f2425a0,YES,0.99,240,0.00,0,64412.7,64382.63111771,64409.47677099,30.06888229,YES,pm,1,0.01
1785055800,0x5ba6041f5abccad044d0759be87e69d9a91cf6fa4bcf1ea072f9c84b9c33b2ef,YES,0.97,240,0.01,0,64431.1850,64409.67499999,64430.60000000,21.51000001,YES,pm,1,0.03
1785056100,0xd6ef46e8f09120713c74eb12e61c3923b90e1fe1e6df79aa7b1ee74f93a49c1b,NO,0.95,257,0.09,0,64427.87,64430.60000000,64421.45705806,-2.73000000,NO,pm,1,0.05
1785056400,0x1fbdb86428ab5f9239ec123b48eda8468e9e2344de1c22e558e853cae5c2aad3,YES,0.97,240,0.00,0,64442.01,64421.78010328,64451.89251500,20.22989672,YES,pm,1,0.03
1785056700,0xa02ece93881d79ad7b2c17664a483610e82f46cf72158392ddc4b1caa87f336a,NO,0.99,240,-0.01,1,64429.11,64451.85903156,64438.79503002,-22.74903156,NO,pm,1,0.01
1785057300,0x12a448b27c3874d2f65b7306281d20ac2221974d4220755f6f9ab0982d41ecd0,YES,0.99,240,0.00,0,64475.5950,64439.39500001,64480.05562547,36.19999999,YES,pm,1,0.01
1785057600,0x5aaa6a8adc6ef691ae4ac7e23f25cb273a1bc5afa33ea9fa8489e01be43f6907,YES,0.95,262,0.08,0,64482.72,64480.15048739,64485.81227081,2.56951261,YES,pm,1,0.05
1785057900,0x19140301ee28faf122a67388b2dd9024e393abc5741df879fcb122e017168ca3,NO,0.95,242,0.01,0,64476.12,64486.27153474,64476.11250000,-10.15153474,NO,pm,1,0.05
1785058200,0x98682c56c0f56dd8923293a1f62040e9d8ef56f7db5da3bff982b76b27018288,NO,0.95,241,0.08,0,64465.48,64476.11000000,64461.80220480,-10.63000000,NO,pm,1,0.05
1785058500,0x09aa2e406e6620226f32d9fdd346654fd09d1f0a3f8032c6558e3b2053602633,YES,0.99,240,0.01,0,64475.6650,64461.07835486,64479.87786323,14.58664514,YES,pm,1,0.01
1785058800,0x65b6dec6e54cf09c6355d079de82ee68b9e63114284185c6a2db449ed41d3207,YES,0.95,273,0.05,0,64482.42,64480.00958280,64483.64669695,2.41041720,YES,pm,1,0.05
1785059100,0x65717a9efe95dc1e9782269b1e9cc7d7025288230ea60e7001c887104935eb48,YES,0.95,240,0.05,0,64492.82,64483.59000000,64491.58879797,9.23000000,YES,pm,1,0.05
1785059400,0x950336782c1fd1b2de33157c2d11fd20bdd4929a093f3fcae307bb8d2d9e463a,NO,0.97,240,0.00,0,64481.78,64491.58659602,64482.51920449,-9.80659602,NO,pm,1,0.03
1785059700,0x573c10657a54842746ca1cfda95c810c1d8a6357e7fd5855defd78407a861edf,NO,0.95,240,0.01,0,64478.07,64482.69000000,64479.87859238,-4.62000000,NO,pm,1,0.05
1785060300,0xe2e5881bc93b0232c8e1174b6a99203e1cd8cedb77341f8a1f0e338672974c3c,YES,0.95,285,0.20,0,64456.675,64452.00000000,64453.58938657,4.67500000,YES,pm,1,0.05
1785060900,0x3107067dcd145d8b9323239cf560bc99d6083c82a30aae6650511b1e17f01e22,NO,0.96,240,-0.01,1,64439.68,64450.61500000,64440.57458034,-10.93500000,NO,pm,1,0.04
1785061200,0x6e6ccbf178e9b3797bbefee432eb3373683061409a2813eda8fa793e1590f162,YES,0.95,257,0.13,0,64477,64440.37895024,64473.59388941,36.62104976,YES,pm,1,0.05
1785061500,0x293256e19ce00a8698b5fd962a6aee63a1164cb23ccd019fb770f6edb232779f,NO,0.98,240,0.00,0,64460.99,64473.54204310,64461.19503579,-12.55204310,NO,pm,1,0.02
1785061800,0xb77286e0874bfd2b6527a491217d37fbcae5f00d9ab042c7b57d95283b648e2d,YES,0.97,240,-0.02,1,64470.86,64461.84961395,64471.02000000,9.01038605,YES,pm,1,0.03
1785062100,0xde3b8dc2f7f373386c251c9c646e03373e3c70a6fe3fe3f837a5d48fb786118b,YES,0.99,240,-0.01,1,64488.09,64470.45647142,64487.97751504,17.63352858,YES,pm,1,0.01
1785062700,0x038c6421f5f0f19b10e9b2dd4ec6e89de7b8cab266b232924e1a1380d27ffc54,NO,0.96,240,0.01,0,64476.60,64489.54000000,64465.94547262,-12.94000000,NO,pm,1,0.04
1785063300,0x32561fc91dd91d839573c71ef319dae04e8e8671d67e65efadd200f1041800cb,NO,0.97,248,-0.08,1,64458.0750,64462.26281359,64454.17000000,-4.18781359,NO,pm,1,0.03
1785063600,0xa13b0a8b1d232342fe442d3b22a122d086a124ad96e59cfaa35c647b5ef65925,YES,0.95,246,0.01,0,64461.03,64454.16503008,64464.44261114,6.86496992,YES,pm,1,0.05
1785063900,0x657a877fff67dec82f9ee54c16ede1820e52b495d37668ebf3dd42e752656977,NO,0.95,246,0.06,0,64453.35,64464.51823736,64453.48410863,-11.16823736,NO,pm,1,0.05
1785064200,0xb5a20a578a8063faff991815f2927016d902b082c4c1e5e58fde17b33abf8368,NO,0.95,240,0.03,0,64443.63,64453.44295481,64448.66607003,-9.81295481,NO,pm,1,0.05
1785064500,0x8799892efb6c501bb777a73859ac497f2c5f0bada0c43f1131eb9f74041afa3e,YES,0.96,240,0.03,0,64453.35,64448.66607003,64462.01976894,4.68392997,YES,pm,1,0.04
1785064800,0xf9a6d6ceae274ebe282e0960599ab5c5b1a4d39e609fb98968629a023f408d08,NO,0.97,240,0.01,0,64448.39,64461.71346800,64451.99000000,-13.32346800,NO,pm,1,0.03
1785065100,0x926a7c47c6ba18af43613cf1c045ec41dad1faf9fa79a4efa01e4699fffd4189,NO,0.95,240,0.03,0,64445.99,64452.13456562,64443.64380713,-6.14456562,NO,pm,1,0.05
1785065400,0x9816f148c1d53c693580404a25a7f648e07083718f918e518754c8a2db81db6e,NO,0.95,266,0.07,0,64441.88,64443.35908715,64441.25067593,-1.47908715,NO,pm,1,0.05
1785065700,0xaec3cc5176acfe966f834acd642f7cf27d499873e2d8c19e1e87a70786d176dc,NO,0.97,240,0.02,0,64439.18,64440.99561730,64435.70612833,-1.81561730,NO,pm,1,0.03
1785066300,0x7962089c5ba77deea9dd01d71bbefff014a124f6bcebf277963feeb951f43517,YES,0.98,240,0.01,0,64451.58,64436.69999999,64452.01475112,14.88000001,YES,pm,1,0.02
1785066600,0xa5159263e60d305117ccfa8c551e534ff8f07ae564f95619603b769ce3aacf8a,NO,0.95,280,0.09,0,64449.3350,64452.15804951,64449.01542332,-2.82304951,NO,pm,1,0.05
1785066900,0x8679ab9407f7d22cdcdcc69d1b6d698d3203fee9c39d4079097239312dfe13d0,NO,0.95,244,0.04,0,64443.88,64448.94749999,64450.16219832,-5.06749999,NO,pm,1,0.05
1785067800,0xc82c19ccba47971ac45d6971ccb2a5a87a2240eda6b37133fb2f7e2ba3e21141,YES,0.95,246,0.06,0,64555.8750,64534.99000000,64545.79708264,20.88500000,YES,pm,1,0.05
1785068100,0x5ab6f028c3f5f4af448ea887c3c0484fca2ed69d98ef6a2baa874bc0c14f368f,NO,0.99,240,0.00,0,64506,64545.70106161,64489.00000000,-39.70106161,NO,pm,1,0.01
1785068400,0xb55e24875b51c0c5a904956db2647b98d5aa1a665e858a8db82a325ceb93eaf2,YES,0.95,241,0.01,0,64499.96,64485.19999999,64510.26378792,14.76000001,YES,pm,1,0.05
1785068700,0x0a406c5997ab1f0a291dd775b110eaec83ac3f5795dfa84bd901a21bfabb8e27,YES,0.95,268,0.02,0,64518.96,64510.26769091,64517.64502602,8.69230909,YES,pm,1,0.05
1785069000,0x01ee79c00c7c2f512abf964b7251ee56f4092ec4da713acfb6a7f2058bf30387,NO,0.99,240,0.01,0,64499.67,64517.40599761,64497.53249999,-17.73599761,NO,pm,1,0.01
1785069300,0xdc84ac8f278e6bf2070827361af79adc114f46897902955d12e11bc6e1301057,NO,0.95,252,0.25,0,64489.45,64497.53000000,64480.41000000,-8.08000000,NO,pm,1,0.05
1785069600,0x9d7c84baa7cb44fb35e6e836435e6bd6cd9987b6a0b21f010cd747772a536d9e,NO,0.99,240,0.00,0,64443.74,64480.41000000,64444.58653389,-36.67000000,NO,pm,1,0.01
1785069900,0x1dcf77616f5ddc4d6a641d400995e5b89e888f054abd1f739d6ae1ed299da460,NO,0.98,240,0.00,0,64418.41,64444.36750000,64405.79296639,-25.95750000,NO,pm,1,0.02
1785070200,0x16fc062a3a2f649bfac9c7ec6ec354de86344bad99599eaa78b21d01208703ec,YES,0.96,266,0.00,0,64423.69,64405.78500000,64421.91763593,17.90500000,YES,pm,1,0.04
1785070500,0xfe8b47e9fb26fdb385400fa4d230b6d2a4192da3224559b93ad2f476bba2b2f1,NO,0.95,240,0.01,0,64409.40,64422.46000000,64409.39000000,-13.06000000,NO,pm,1,0.05
1785070800,0xe234718df8d2d030d487069fad2e54038c9bbc52926ade99cfbb5eacabf98b31,NO,0.99,240,0.00,0,64385.1,64409.15912189,64368.93889314,-24.05912189,NO,pm,1,0.01
1785071100,0x8c64ceb160fa0583ecf996bd9b4c9b4abc4bc696fc922b550089839ca12e7f2a,NO,0.95,268,0.02,0,64360.97,64368.97107761,64361.40000000,-8.00107761,NO,pm,1,0.05
1785071700,0xd374013da2f5b3945f2c523e7969a8aca096b3a5a46d09d46c008e15e1f7b279,YES,0.99,240,0.00,0,64402,64362.97000000,64412.68500000,39.03000000,YES,pm,1,0.01
1785072000,0x1a6e05bcfaafe1a3a571249fdde4d149a0283ab8ea0bd06792abba0b6e5e9fd7,YES,0.99,240,0.00,0,64446.1,64412.71671279,64443.80500000,33.38328721,YES,pm,1,0.01
1785072300,0xe503e7c8992551cbe141760580e046d44e4e3fb90f5b68f8af0aab31de9bdb6d,NO,0.99,240,0.00,0,64407.46,64443.80475464,64412.05005001,-36.34475464,NO,pm,1,0.01
1785072600,0x457c92426fa30d7a2fb21ebcd534d3e7260515dd4f68aa2b58e35872635fc003,YES,0.95,283,0.11,0,64414.9,64412.69500000,64414.57404250,2.20500000,YES,pm,1,0.05
1785072900,0x918f22bac41fcd174d413f65108376a143757e00a022fdc8ca0962b519fab8a1,YES,0.95,245,0.02,0,64432.7,64414.59901875,64428.52003994,18.10098125,YES,pm,1,0.05
1785073500,0x6d3ba4327447afecda417a39e6dd24cdcd9baa913ca0923775a2cd3e6b9abc68,NO,0.97,240,0.02,0,64483.50,64498.86923933,64481.69860052,-15.36923933,NO,pm,1,0.03
1785073800,0x2c92ce9ca0b2cc4e8b545708ed8bd044b739755b3f34ad551620fc0653f2fe11,NO,0.95,240,-0.04,1,64474.38,64481.50503005,64463.61500000,-7.12503005,NO,pm,1,0.05
1785074400,0x3e6b9c011f02e86b0258f7b1ea08bb729b6d0316c418dd9b2e46ef42cd86722a,YES,0.99,240,0.00,0,64502.41,64461.97247913,64554.04000000,40.43752087,YES,pm,1,0.01
1785075000,0x1a228d40a30688f912f2a0a50d3b08b845a80dbeae55841e60fd44dbe1a2d2e2,YES,0.95,274,0.33,0,64641.89,64626.99999999,64649.29608116,14.89000001,YES,pm,1,0.05
1785075300,0x2dde43d08aa5ecaf51ba3077fdd83bfce6fbb9aa30935a10257fff729388a199,NO,0.96,240,0.01,0,64626.3050,64648.87000000,64604.10000000,-22.56500000,NO,pm,1,0.04
1785075600,0xa2e64434becd77a8718b1d315e2c3b18d5122f06d62ede955e0d98b87893fb63,NO,0.95,286,0.56,0,64595.33,64604.10000000,64592.59000000,-8.77000000,NO,pm,1,0.05
1785075900,0x1e9296172bb1df733240517ef78e5ebcaa05e1e6a1806a65c978097e8649b289,NO,0.95,267,0.08,0,64581.98,64592.59999558,64570.03594801,-10.61999558,NO,pm,1,0.05
1785076200,0x68dcb37621db0ef8d302f0ac2a4c7707408732ef9a83c503b347bf1521fda77f,YES,0.97,240,-0.01,1,64604.6150,64570.41760097,64595.17097462,34.19739903,YES,pm,1,0.03
1785076500,0xe49d771785c71a4c5bf8054bc41dba0e48e8eb7e6913abcf4b4c13e20df23af3,YES,0.96,240,-0.01,1,64621.2,64595.05696836,64602.01923266,26.14303164,YES,pm,1,0.04
1785076800,0x2d74ef03604c16ffe2faec10bd03171ef1b66dbd86e08f0eb83e0ca7cb81da17,YES,0.97,240,0.01,0,64631.96,64601.95873089,64632.50705475,30.00126911,YES,pm,1,0.03
1785077100,0x4ab4b3b3607575cbc8f478750b2d5a832e6c3b33e5d3662fe25f664df630cbf5,YES,0.98,240,-0.01,1,64677.48,64631.80200817,64637.11695553,45.67799183,YES,pm,1,0.02
1785077400,0xd64c0b2c737174267d75fb25b42214b94f1e1f0e12451eac4877815047b96e84,YES,0.95,281,-0.06,1,64644.5,64636.89072596,64644.55000000,7.60927404,YES,pm,1,0.05
1785077700,0xe4e0c0d0a59aa9445c35cb1da85cbcd515ac3a15dae7ef7acd23a9dc638632be,YES,0.95,281,0.12,0,64657.69,64644.62964455,64658.06500000,13.06035545,YES,pm,1,0.05
1785078300,0x39990dd797c2f1fd0e1c96d91f85943b1c8a9c6c007fc64fe71eba125fa1a74a,NO,0.96,240,0.03,0,64633.150,64661.03199154,64629.99399756,-27.88199154,NO,pm,1,0.04
1785078600,0x980f7400618c16778d58ced21ffb7bf1895c3b21f28a872651978f9d3c99de90,NO,0.95,240,0.03,0,64617.99,64630.94790608,64618.50597223,-12.95790608,NO,pm,1,0.05
1785079200,0x0f1836f0b6dc33d2708872b76ad2e2b20c537f9504ebd4eea0a10aa2aefa4827,YES,0.95,278,0.09,0,64707.11,64696.83786914,64707.10500000,10.27213086,YES,pm,1,0.05
1785079500,0x10e5d421ce9fe4f23ca849cc39e5dc94889e07290905732543d4d4b635c3ff2c,NO,0.95,288,0.15,0,64699.5550,64707.10499999,64700.11055740,-7.54999999,NO,pm,1,0.05
1785079800,0xb120bb45b7d34e19a414afd9df41aebe94e6e486a5ac8c93780d743d444d14e8,NO,0.97,240,0.03,0,64681.76,64700.18735850,64686.58818701,-18.42735850,NO,pm,1,0.03
1785080700,0x0f1221c2eeaff9bae795b26092c5d585efe522612726b562a1e9d4145fb67e10,NO,0.99,240,0.00,0,64711.9550,64745.00276937,64710.23000000,-33.04776937,NO,pm,1,0.01
1785081000,0x2db97044b8b7f0f0458644af9b5af6ce16c96891198bccead4fd39ff5598ae65,NO,0.98,240,0.01,0,64688.16,64710.41579658,64705.23750000,-22.25579658,NO,pm,1,0.02
1785081300,0x39684b2bd7e69e23508445830613021ac4de8760d038a503cb3e9fb57be2e50f,YES,0.95,285,0.11,0,64716.4150,64705.46500000,64710.27503006,10.95000000,YES,pm,1,0.05
1785081600,0x5694eef1f1b09690d0bd43c0e2f73ec598f198d4aea7ff5806cdc8c567776682,NO,0.97,240,0.03,0,64685.00,64710.27503005,64679.79919805,-25.27503005,NO,pm,1,0.03
1785081900,0xceb4c4d9b996bad82c778a61cddfacb8d4a2288f9750e3cc22404a8181106101,NO,0.96,240,0.01,0,64663.750,64680.00503003,64643.77751501,-16.25503003,NO,pm,1,0.04
1785082200,0x8ec667aeca6b1e6e4cda0fadff69d8ef23f333515666ac3ab41aadd1c398207d,YES,0.95,249,0.22,0,64658.33,64643.92038604,64659.99756796,14.40961396,YES,pm,1,0.05
1785082500,0xe8d65a547ce12df6286f3494708fa047d29cd79958f6ae8a4b2a14cd6b0c398e,YES,0.99,275,-0.001,1,64689.02,64659.52175647,64691.42412237,29.49824353,YES,pm,1,0.01
1785082800,0xbaa2703184a36f07616ed49a78bc82515c5182aea6dc97a157d604420e39cd1d,YES,0.95,265,0.23,0,64691.33,64691.19920391,64698.31902771,0.13079609,YES,pm,1,0.05
1785083100,0x64bfdae6d2e099bb384c8a668bc7153baac513b4256b99cb24a304a546c41969,YES,0.98,240,-0.01,1,64733.8,64698.20649826,64745.45695179,35.59350174,YES,pm,1,0.02
1785083400,0x531af879d01dd8acffd975ab37acfe5b6ab0af4a8427624207a5184cf1d40185,YES,0.99,243,0.000,0,64820.0250,64743.58465954,64800.24464428,76.44034046,YES,pm,1,0.01
1785083700,0x507898fa524509d56f923c177c3ca054069ff34d11f0913955da3c9afc17a1d2,NO,0.97,240,0.04,0,64766.69,64800.15993641,64764.54254208,-33.46993641,NO,pm,1,0.03
1785084000,0xf725f0d04b844d95ef1ad00f9598a1f2d10eb13ff0e116b369a42115cf329d09,YES,0.95,281,0.54,0,64768.350,64764.43567521,64771.78074263,3.91432479,YES,pm,1,0.05
1785084300,0x4ba19a90c79791d1045666032fe5acbfbc18a76cce8eb962bcea7176219bb4cc,YES,0.97,284,0.38,0,64776.9,64771.74684812,64763.14092036,5.15315188,NO,pm,0,-0.97
1785084900,0x025e55c4b1a4b48139e02e63d1fbcb9f2023a3065ed747ae95cef42e4109fcd1,NO,0.95,262,0.06,0,64687.86,64694.70988255,64672.35782750,-6.84988255,NO,pm,1,0.05
1785085200,0x98f170374cfd7f2c560618fad158bde9d2b0775b339a4ea6e780aea47c118744,NO,0.95,272,0.05,0,64661.34,64672.34451204,64658.01000000,-11.00451204,NO,pm,1,0.05
1785085800,0xb24f49f47813e1d63511e54be9c4c1071ce29ca2d4c71a4ba086a8e4a2083a2c,YES,0.99,240,0.00,0,64701.18,64654.60000000,64717.96016801,46.58000000,YES,pm,1,0.01
1785086100,0x67d4f30cdad405d0820a5354abc55d61542028cf84039428368600823462295e,NO,0.95,267,0.04,0,64700.0050,64717.44750000,64701.06046289,-17.44250000,NO,pm,1,0.05
1785086400,0x76911b7616ae05639071f0145bbbba0a3b01d2bd614b36f83997d2419e0baa5b,NO,0.98,240,-0.01,1,64666.5250,64700.72930644,64668.12500001,-34.20430644,NO,pm,1,0.02
1785086700,0x7d5e454e0f4aafc9b5578f36981776fe9c9bcaf367b017397dbf34376559c2b0,NO,0.95,249,0.00,0,64657.47,64668.12499999,64660.59251501,-10.65499999,NO,pm,1,0.05
1785087000,0xf0c86f23ff8c39f10c2faa21d87bfd97afdadfb38d1c51508522e8dfd4469670,YES,0.99,240,0.00,0,64693.6350,64660.59251504,64692.09690055,33.04248496,YES,pm,1,0.01
1785087300,0x0f3ba6f0a9025cb0161dd3eff49dcd777ea6933d68565e8933f78168bcbaac63,NO,0.99,240,0.00,0,64641.95,64692.07116144,64623.29118955,-50.12116144,NO,pm,1,0.01
1785087900,0x681ad5a26c644e8e6ea92163f303105c5a4efd13e3a937febc08bf33fa79d683,YES,0.95,269,0.37,0,64629.3750,64623.08080137,64626.96000000,6.29419863,YES,pm,1,0.05
1785088200,0xc3476da3093e7907ed93e794518be3f5d508796392dc644f57e4fd48388e59c8,YES,0.99,240,0.02,0,64647.76,64627.39230369,64645.75906061,20.36769631,YES,pm,1,0.01
1785088800,0x164397a289c8161182fc6fbc553105b8e723a17a0cc2a588459626c3b3085e90,NO,0.95,283,0.08,0,64635.32,64636.06561283,64630.90215710,-0.74561283,NO,pm,1,0.05
1785089100,0x0e89432af8349ba49850ce2bfc7727670cd0cb649e40d07486d180480d640c5a,YES,0.98,282,0.13,0,64637.7250,64630.76067891,64637.42227732,6.96432109,YES,pm,1,0.02
1785089400,0x5d9c2fa4c241d0b3d6488ef5a7fbc4c13774a7c190bbd906ac19f40d6d9e5ba7,YES,0.96,240,0.02,0,64650.15,64637.42227732,64633.16503007,12.72772268,NO,pm,0,-0.96
1785089700,0xcdba84f064a09a0ddbce77d10fa2a030fd702690ec6d9464bb9dd98a5eaa7e7e,NO,0.95,241,0.06,0,64619.96,64633.16503009,64615.04375000,-13.20503009,NO,pm,1,0.05
1785090000,0x4045a2e51ea65efd7d9f14a49a46c85ceb3d08163001770da89981a7b2e9300b,YES,0.98,240,-0.015,1,64637.79,64615.04250000,64637.15163162,22.74750000,YES,pm,1,0.02
1785090300,0x88e099653d11e1c66148e8a8c6536aae753e65d7a34590f1be485299983d1109,NO,0.95,281,0.07,0,64631.69,64637.44500000,64631.68750000,-5.75500000,NO,pm,1,0.05
1785090600,0x8470ef980d7bd4729a26db3fe14586a46e8649689c750d1e9251408dedaf30b7,YES,0.95,240,0.00,0,64645.37,64631.68500000,64640.57684442,13.68500000,YES,pm,1,0.05
1785090900,0x47ff1e04823d95608235737c4bbedefa39f8bd09329a89b37d7fd6c110350676,YES,0.95,259,0.03,0,64654.99,64640.45401512,64664.57029260,14.53598488,YES,pm,1,0.05
1785091200,0x06fd43d0dbf5baebf6e3c4903912fd0498882c88f7691d8bb1bcd4d90a59b720,NO,0.96,240,0.06,0,64655.71,64664.88179352,64652.05554654,-9.17179352,NO,pm,1,0.04
1785091500,0xc76b003e4ee907d512ecdabbcd94996c1fe8abb3cf538ded7de6dd901804b13e,YES,0.95,240,0.00,0,64666.07,64650.99254301,64661.68264554,15.07745699,YES,pm,1,0.05
1785092100,0x5287290b04bd3751c14ab9bcc145c97f77a23914488b677cb0b5f20ee5316d1b,NO,0.95,259,-0.05,1,64689.9450,64693.40541562,64683.51936005,-3.46041562,NO,pm,1,0.05
1785092400,0xd58a8751928309c2ad827706d7ad6215dd39fc46702aa42e279f79d0afc42dff,NO,0.95,278,0.01,0,64671.77,64683.43850517,64675.55339877,-11.66850517,NO,pm,1,0.05
1785092700,0x3e19abf0f7fa1136719ffcbe5732849f3b5225f7f84cf9d89f82bf006eeb247a,NO,0.99,243,0.02,0,64652.44,64676.62160574,64642.09412497,-24.18160574,NO,pm,1,0.01
1785093000,0x7e00686fab5a5547b0b64e2bd67de4eb98f902d6379443463174e73711803b3e,NO,0.99,240,0.00,0,64622.42,64642.22299423,64623.04786203,-19.80299423,NO,pm,1,0.01
1785093300,0xcb0e287991279ea0c77a48769ce13e0e64e8fc6a7bb5bf0a8c55e1fa706f2307,YES,0.95,284,0.06,0,64626,64623.13559269,64634.56000000,2.86440731,YES,pm,1,0.05
1785093600,0xa36f64336305f5b236f05cc8a99d8060224840efd332dbfaa0a7c4efa12bc6ab,YES,0.97,240,0.04,0,64662.6650,64634.56500000,64648.93513787,28.10000000,YES,pm,1,0.03
1785093900,0x7cb429703c3c07e5158284bf406c38822762792c96eac91e3caff885c0d662ca,YES,0.96,269,0.05,0,64655.99,64648.84759076,64662.85236992,7.14240924,YES,pm,1,0.04
1785094200,0xbef05ad9b0c13210c07ac9348c60475588aeb73d5d1a5bda30f175456fee836d,YES,0.99,240,-0.01,1,64698.93,64662.43477931,64684.06581610,36.49522069,YES,pm,1,0.01
1785094500,0xc5028095f4f838bbdc19c335c94b3fbbddb75e4d7e5fcd5f3fc190f560874963,NO,0.96,240,0.03,0,64669.4950,64684.16581610,64666.04792241,-14.67081610,NO,pm,1,0.04
1785094800,0x6b67045d16ee65005ad43d2dc6a84008976cf858897259b562a79e9f75743a8b,YES,0.95,269,0.10,0,64672.45,64665.92842170,64667.68159756,6.52157830,YES,pm,1,0.05
1785095100,0x81f434a5c967a46d20ecb0a36cd03a5dec26bfbe03eea6b0d65a9d709b3d297c,NO,0.97,240,0.01,0,64647.8650,64667.68159756,64647.64483746,-19.81659756,NO,pm,1,0.03
1785095700,0xe819e6e9232acda2348de78cf6bce523d7821a9597e28a0c9c94f6aa1d6b7f96,NO,0.95,260,0.01,0,64644.85,64648.33836929,64640.68447570,-3.48836929,NO,pm,1,0.05
1785096000,0x6960da9a377a1461bbb54f3e196e53a098bfae76bec1bcaa5821aaaae3ccfb5d,NO,0.96,240,0.01,0,64630.01,64640.71679616,64631.33658377,-10.70679616,NO,pm,1,0.04
1785096300,0x59d20d943380c5fe1b4cab67b31f608e66cede0a00ced5a35c3d2b3e924f61f6,YES,0.96,240,0.03,0,64639.17,64631.07927449,64646.35499999,8.09072551,YES,pm,1,0.04
1785096600,0xa5f0f46703b21997319a08b35a1fc351a5c21f73551202b5adb59a5086da5c22,NO,0.96,240,0.05,0,64638.02,64646.35000000,64634.80058569,-8.33000000,NO,pm,1,0.04
1785096900,0xa5bc907f51d3eb7bc811c2ea5db20ab7cb955d86fd29868225b430cffeabf469,NO,0.99,240,0.00,0,64602.71,64634.60045485,64593.71961315,-31.89045485,NO,pm,1,0.01
1785097200,0x4338d876bcdf294cafadf4a9d8a530834890042fb7cd4b1301a2d22994b1132b,NO,0.98,264,0.52,0,64589.9350,64593.76561820,64593.35750000,-3.83061820,NO,pm,1,0.02
1785097500,0xfaca956626312c16b82311430da4780aa9114ed1c0cca3b3fb8fb8e4c779bc76,NO,0.95,240,0.05,0,64582.69,64593.35250000,64593.36000000,-10.66250000,YES,pm,0,-0.95
1785098100,0x6890e5eb4625dc5e16009bbd452c422481b7a3e52bf8c374501dbd46a350e570,YES,0.95,278,-0.05,1,64604.8,64597.07658404,64603.60908170,7.72341596,YES,pm,1,0.05
1785098400,0x16e81b0a5d50f5988889e6d033b6445798c05f1678d3a95ca1d377a1f7007bcf,YES,0.95,255,0.02,0,64611.31,64602.87000000,64608.03500000,8.44000000,YES,pm,1,0.05
1785098700,0xfb95c734129e8be36ffa65c183d7a67361028ff34b9891fac5cd813704c4e913,NO,0.95,256,0.01,0,64603.06,64608.03499998,64600.64857625,-4.97499998,NO,pm,1,0.05
1785099000,0x6da3a2c1ef3c39410c6fff7869b1a18818d34ead888092633035bf6bc80a1896,NO,0.95,241,0.02,0,64599.00,64600.48707414,64592.42493375,-1.48707414,NO,pm,1,0.05
1785099300,0x327283b33c6300027a04c2d0bfc7d218d7b98c1ea96178c7cfcdd24973387866,YES,0.95,285,0.04,0,64595.26,64592.38614240,64594.70744394,2.87385760,YES,pm,1,0.05
1785099600,0x4c02c25039452fa49c84a0a8d10f59390ac9b26b8b11f52a58ecfcec7962f13c,YES,0.99,240,0.00,0,64624.72,64594.66000000,64621.92856860,30.06000000,YES,pm,1,0.01
1785099900,0x62063df30c9b75ed191524ceb988409a7f8fd3602e4c4915705c3a95d2200441,NO,0.99,240,0.00,0,64597.12,64621.92856860,64601.57503007,-24.80856860,NO,pm,1,0.01
1785100200,0x4cf2e5f4ae5e9dcb66579d6e97618452dbfd94ede298c6b7898fa95cd1dd2d9d,YES,0.99,240,0.00,0,64646.64,64602.87556633,64637.34500000,43.76443367,YES,pm,1,0.01
1785100500,0x0cad2d42561d55e183253e059191a730a4ccebd227ed6785cd8a3c6ad3eed77c,YES,0.99,240,0.00,0,64676.76,64637.35000000,64679.49249999,39.41000000,YES,pm,1,0.01
1785100800,0x37c85c88db20178623fcae12fed0ba0c34dfc2e93af93ec7ec716eb419bd091b,YES,0.99,240,0.00,0,64703.4,64679.40409679,64722.45999999,23.99590321,YES,pm,1,0.01
1785101100,0x2254b9ff6099c5eb362b1320d4f7aad03d6409536f722097618f259672be21c7,YES,0.99,240,0.00,0,64764.46,64725.40462955,64757.82751505,39.05537045,YES,pm,1,0.01
1785101400,0x5452c4c60c9d3ed96739f7a46a58533244f2221ec504c352a808c7e3e90b379b,YES,0.96,245,0.01,0,64775.79,64757.82751504,64778.35917731,17.96248496,YES,pm,1,0.04
1785101700,0x7bd9fe5bfea03a72553b721d0824512a3e9dee6a0fec44992135d5cf08b3e352,NO,0.95,240,0.20,0,64764.7050,64777.74097101,64745.30403678,-13.03597101,NO,pm,1,0.05
1785102000,0x1dcecaa2f4ee994fd4ab1b9f309bb18a56f24a5f9c84b82c290a7489d9cfd27d,YES,0.95,240,-0.04,1,64776.23,64744.95931900,64733.38501425,31.27068100,NO,pm,0,-0.95
1785102300,0x72d7fdd9a830c32612d0bf909d31d906930e51425832d96b809c3456890c597e,YES,0.99,240,0.01,0,64834.63,64735.76500000,64822.98938272,98.86500000,YES,pm,1,0.01
1785102600,0x09f40d7e768911e0f4627f0bf0c1b22404dc3e324bf088ba359f64339d3fd4a1,NO,0.95,265,0.07,0,64811.4,64823.05000000,64813.72345337,-11.65000000,NO,pm,1,0.05
1785102900,0xa5f33fe07b07b672b8afbe6485bf67abdd5a40dae9197e4cd94946359ad95a73,NO,0.95,251,0.21,0,64794.2,64813.82009279,64793.34240601,-19.62009279,NO,pm,1,0.05
1785103800,0x7dc554f3ded2151c3c8c0ca1cb0a5ecf023a1609eb8e988f429638a799bcdd11,YES,0.95,289,0.04,0,65150.3950,65129.38000000,65151.19506974,21.01500000,YES,pm,1,0.05
1785104100,0x8d2b11975487309d8d7e8eab054cd6dbadd7f3f9e8353a8d8cee85f9dca27542,NO,0.95,273,0.10,0,65110.23,65151.19506974,65132.27934991,-40.96506974,NO,pm,1,0.05
1785104400,0x305c29d550df81a6b505cf711603be2226ad991a7224994da2eb664aa67fdff9,YES,0.97,240,0.16,0,65182.41,65132.60501130,65153.67872163,49.80498870,YES,pm,1,0.03
1785105300,0xc0593ca86671f690e286a88c0811d39ae3aa3d67f1baaad7f427bf38312018fe,YES,0.95,242,0.00,0,65375.28,65331.97440266,65355.81583836,43.30559734,YES,pm,1,0.05
1785105600,0x4c6b220f7bc0f1a6f4c61210a9614b023e57207bea370d7156c1c46fb7242501,YES,0.95,240,-0.04,1,65399.86,65360.57000000,65410.15000000,39.29000000,YES,pm,1,0.05
1785106200,0xff04d084ed75464a8d2a7998d65d6d2b31acf11fd58dce7512358609668d2525,NO,0.96,273,0.04,0,65368.4350,65412.07293800,65367.90000000,-43.63793800,NO,pm,1,0.04
1785106500,0x6f871c4ece0eefaf58992e83067e80d326034c5cbf309f09a7e796a99e19f3cb,NO,0.95,287,0.05,0,65349.6,65364.45666422,65349.18000000,-14.85666422,NO,pm,1,0.05
1785107100,0xef7341e92bb063094f09882d93ed3903115d6291b41b061c0b48d806ea939779,YES,0.96,240,0.03,0,65437.79,65361.47321198,65472.88500000,76.31678802,YES,pm,1,0.04
1785107700,0x7cf166d766a315dbbd0d3129ae8b710d8ba93b44501370f13a54633289be5195,NO,0.95,260,-0.06,1,65317.54,65349.95000000,65300.00000000,-32.41000000,NO,pm,1,0.05
1785108300,0x19c24c4dcfd149bf69dd54769571653015ed06492828edbed90148172c888a23,NO,0.95,289,0.15,0,65273.1850,65292.59999999,65273.92641740,-19.41499999,NO,pm,1,0.05
1785108600,0x1e8b1d197e17ef13032072e16113094996952a59156c83db48ce4b097141c90e,YES,0.95,250,0.11,0,65291.75,65273.92641740,65311.42194374,17.82358260,YES,pm,1,0.05
1785108900,0x480e34ee8612ab558556142e3a9f8135f06d74e3ee048599f644ea1e1ff27e95,NO,0.99,240,0.01,0,65270.76,65311.86742235,65276.37055785,-41.10742235,NO,pm,1,0.01
1785109500,0xa89f71524062eb541f9f51c8eb004bb753a51e421e4ff0004e84567114049ef8,NO,0.95,273,0.23,0,65324.9550,65345.72000000,65338.36750000,-20.76500000,NO,pm,1,0.05
1785109800,0xd1e9aafda925ca5044a6e70cf4afe961d1d733f3953a0ab2fd45c111b4aa20eb,YES,0.95,279,0.44,0,65344.92,65339.20000000,65358.44153954,5.72000000,YES,pm,1,0.05
1785110100,0xccefb3f35ecb7c7714b4d6dc95e3041042fa70e8530912d7b2941cae387bff44,NO,0.95,240,0.07,0,65327.73,65358.68258359,65336.29164462,-30.95258359,NO,pm,1,0.05
1785110400,0x2d457620c9ea29f3d290d8c6d59c53fd1c78949901147b316a1ef766240c927a,NO,0.99,246,0,0,65236.79,65339.02000000,65226.17516543,-102.23000000,NO,pm,1,0.01
1785111000,0x32d793352dbae3fd435a200c1cbcb9cea3dfb6c03030c891ae21e562ee7db11b,YES,0.95,274,0.07,0,65171.8450,65149.11989879,65164.81321942,22.72510121,YES,pm,1,0.05
1785111600,0xc5a4c25812fc718b99cb34694ae389abeacf4d03d158720be4a8a53358e0cef2,YES,0.95,287,0.22,0,65092.62,65082.17000000,65095.48074478,10.45000000,YES,pm,1,0.05
1785111900,0x5d0847ea9f465f71d444dca2d91105613e13baee5f9fc68c69b84a368314d3f3,YES,0.99,258,0,0,65142.6,65095.91164958,65137.96000000,46.68835042,YES,pm,1,0.01
1785112500,0xc6ffe2d3f49a9581c5720b46db7b4dfc41e1036316cc7af7317276de8f0688e5,NO,0.99,240,0.00,0,65071.2650,65135.30409027,65072.43250000,-64.03909027,NO,pm,1,0.01
1785112800,0x9e511bc8afffe4491ac7d943976763e9edcc6acac5c7fdf2de6ddccf9729536d,YES,0.96,251,0.04,0,65099.8250,65072.35400485,65094.97499999,27.47099515,YES,pm,1,0.04
1785113100,0xe7ac80be371db56b3a8c1a682427f2cc3b887f4bdccb7b9b0f2f4933b4147f8e,YES,0.95,283,0.11,0,65107.43,65095.40789843,65106.42249999,12.02210157,YES,pm,1,0.05
1785113400,0xf739b004a67e777b0ef3de33bfa417782e70c81595bd707ad7fcdf26a40eaaa8,NO,0.97,240,0.05,0,65069.1,65106.42500000,65052.91880849,-37.32500000,NO,pm,1,0.03
1785113700,0xc0781b6e5d2dc115da86c59ea4c340a8dcfd2166e92ffaa2f85476464707019c,YES,0.95,284,0.14,0,65054.55,65053.20000000,65069.38539589,1.35000000,YES,pm,1,0.05
1785114000,0xad939f5b72763c4b7e69d1a8b90459babe0754a44855878de186a1c2c6dfaa37,YES,0.99,240,0.01,0,65123.51,65069.38539589,65120.11734536,54.12460411,YES,pm,1,0.01
1785114900,0x4c9fbf9273dacd551abe6cad3c6c4e7a250696577fb23bc493f9922b1d71c825,YES,0.95,261,0.02,0,65007.91,64995.20750000,65018.10629345,12.70250000,YES,pm,1,0.05
1785115500,0xc4d260bcb886dcb24d415f2c2fd230886e934bc42f9d51b90153f3ade5b09b53,NO,0.95,268,0.05,0,64956.2350,65006.05061920,64955.84041835,-49.81561920,NO,pm,1,0.05
1785115800,0xfae6d9e631bc4418a0cc4c9ae04275f8d5d9355a470de690e46574cc3e807934,YES,0.97,240,0.01,0,65004,64955.43458130,64984.98261613,48.56541870,YES,pm,1,0.03
1785116100,0xe164466a069e6450373e10933096352fa08a12a4f49f4dc92a8bdca5b2227409,YES,0.95,253,0.05,0,65018.27,64983.50250000,65027.24938624,34.76750000,YES,pm,1,0.05
1785116400,0x986e3f7a9caec7cbb3642d543a7110d159345523b21ab932a30c41cdf6a0f4e3,YES,0.95,285,0.24,0,65031.46,65027.37944073,65033.32450275,4.08055927,YES,pm,1,0.05
1785116700,0x77f5bf155d41796256c811f547f8a338fca8b1db50663a6172a9c10ea2e35cbf,YES,0.99,240,0.00,0,65100.07,65033.27000000,65108.47108604,66.80000000,YES,pm,1,0.01
1785117000,0xb6df85d683156bd6b4fea014d7e8d2e12eb9425160720a91baa00f2243c953b9,NO,0.95,283,0.24,0,65089.54,65108.31470053,65097.70000000,-18.77470053,NO,pm,1,0.05
1785117300,0x58f289cde1d40e67cf0f281ae32ff6c3a992c22b748f5a353abae546729e12ce,YES,0.99,240,0.00,0,65154.01,65097.71216648,65141.97531386,56.29783352,YES,pm,1,0.01
1785117600,0xc9e53d143cc5d8fd2587ffcff726dc745f06c47974c2468eda9412c8fd3c3e23,NO,0.95,245,0.04,0,65110.550,65142.03000000,65101.88500002,-31.48000000,NO,pm,1,0.05
1785117900,0x2943d881c29a202190d89023122c9e41c755d5317fd3effff13065577b942841,YES,0.96,253,0.26,0,65120.83,65101.88499998,65149.39148990,18.94500002,YES,pm,1,0.04
1785118500,0x12042c21d9ef2c560c4ce0408fd00780ec2d19c2280d288835a2d1e7a2bf6d4b,YES,0.95,284,0.06,0,65159.99,65141.15500000,65155.80603303,18.83500000,YES,pm,1,0.05
1785118800,0x2f6c0578767bcdb0a2631117917cf09de57f74a5b3b64398555881476ad5aed1,NO,0.99,240,0.01,0,65106.76,65158.60798431,65115.69999999,-51.84798431,NO,pm,1,0.01
1785119100,0x59a111bb53ce5e892213f0384d1b332790d285a2d17832d821f32c4ae3e39dcb,YES,0.95,283,0.08,0,65126.77,65116.06225438,65123.48000000,10.70774562,YES,pm,1,0.05
1785120300,0x9b8d6a372698f0f0621d0a32c6f667dd1a581db2fdf1577db1586675552a81cf,NO,0.95,279,0.03,0,65167.5,65181.24249999,65159.43235345,-13.74249999,NO,pm,1,0.05
1785120600,0xc4cbdf666587c9c74c1ea73b5fb0114b515487503fb60eee114c23e7fcaea0a1,NO,0.97,240,-0.01,1,65084.9,65159.16117672,65106.98500000,-74.26117672,NO,pm,1,0.03
1785120900,0x7e177763ed9c065f33142f619ecde53684c6ba9cd7e834c91d9badc9a5853145,YES,0.95,276,0.16,0,65122.1850,65106.98500001,65113.99895087,15.19999999,YES,pm,1,0.05
1785121500,0xe1295d07839b93595c30b8f39ae5c8b42b7ed5ed6b184308b38303c76163a928,YES,0.99,240,0.00,0,65173.56,65105.87503007,,67.68496993,YES,pm,1,0.01
1785121800,0x95fcf369244287733491c2ff6dd894ab19d620427b9b34141182d8ab1952cbe8,YES,0.97,240,0.03,0,65191.21,65142.58750001,,48.62249999,YES,pm,1,0.03
1785122100,0xbcd3cc4fe370f92f5d5bd07454d1a39e95a58194b31363aa1a2ff347ef3b36da,YES,0.96,282,0.68,0,65229.02,65219.01000000,65226.65503005,10.01000000,YES,pm,1,0.04
1785122400,0x4f4839b6c98937b7738e2a6ed44d06a97aceae2cbf7c02a679a3597501120378,YES,0.99,240,0.02,0,65284.39,65226.66000000,,57.73000000,YES,pm,1,0.01
1785122700,0x62281608cfaeb5921dbd81a41450a914d25e8ead1414d00177a663b3f01d9e09,YES,0.98,266,0.04,0,65272.85,65253.44000000,65255.63000000,19.41000000,YES,pm,1,0.02
1785123000,0x75dd77fb2d5d093a51d574abb95b5602d869f189a106a5d281c49d27289424e3,NO,0.99,240,0.01,0,65212.46,65255.62499999,65216.29730925,-43.16499999,NO,pm,1,0.01
1785123300,0xfc893b07ec0192dbb17c29f6dc9854e2d86c9ad80380b4f23189592a35ca2d15,YES,0.98,240,0.00,0,65253.04,65216.45285742,65227.64966698,36.58714258,YES,pm,1,0.02
1785123600,0x83efd8ebf466d13c4185b34d87ad6aac2895402a3f4dce9e633c76c2e64d478f,YES,0.97,240,-0.01,1,65285.2650,65225.70000000,65291.30619718,59.56500000,YES,pm,1,0.03
1785123900,0x49c2d06b506c689135e2f0361275be09820bfc6e00fa0924dbafde3c9c0c0249,NO,0.97,240,0.03,0,65267.3350,65291.30619718,65255.17363840,-23.97119718,NO,pm,1,0.03
1785124200,0xfc1a712167067796472a9adb0d233301938bd8e80ce0ca1530fc5be61c6cb399,NO,0.95,282,0.33,0,65249.0450,65252.88000000,65242.03856654,-3.83500000,NO,pm,1,0.05
1785124500,0x382e308b56715d21f23744bcd5be4e369fa174a28fd9a4744ed0f01d7eb35ae4,NO,0.95,252,0.08,0,65230.75,65241.94424934,65224.70249999,-11.19424934,NO,pm,1,0.05
1785124800,0xe3c71a6dc34aeef4988cd85e08a92e4d0884ceb6b69f3250745c7815dbd39c93,YES,0.99,240,0.00,0,65281.02,65224.67105211,65279.99999999,56.34894789,YES,pm,1,0.01
1785125100,0x8748fca3b3c4edbce890d8bf0dc911d86455fad854a2c71cae99663205d2b698,NO,0.95,257,0.30,0,65269.9,65279.99999999,65226.66007972,-10.09999999,NO,pm,1,0.05
1785125400,0xb261eb2d75fc6036ee9631454733a44316f18fdf4ccb00ebb50ff419b1395ba5,YES,0.95,271,-0.05,1,65241.6450,65226.48883966,65254.97351030,15.15616034,YES,pm,1,0.05
1785126000,0x78076a3b84db0fb371553b60e6976a24bf8d6eb0169241ccf118072fe05f0349,YES,0.99,261,-0.059,1,65369.55,65319.07500002,65330.95500000,50.47499998,YES,pm,1,0.01
1785126600,0x4518bcf5ab2c8ce01c69662c8693b80f1a9b3f5fa8645bc07a45b159644243a2,NO,0.95,242,0.10,0,65238.5,65260.43751502,65245.63420251,-21.93751502,NO,pm,1,0.05
1785126900,0xb1ee7950002228a8415d5d459f92a5b3af20b0214d6139ccc16f927742cfa159,YES,0.99,240,0.00,0,65304.2350,65245.43846730,65295.53175559,58.79653270,YES,pm,1,0.01
1785127200,0xfd45d7a56edc629f517f762668031fb47890a67cf68a4b1896019400881090f9,YES,0.96,258,0.120,0,65312.9,65295.58131134,65332.71000000,17.31868866,YES,pm,1,0.04
1785127500,0x620da1ffee80dcadb8efd0239fd4df02e8b2e04ab6b240292ac332e651c8d847,NO,0.99,240,0.01,0,65286.91,65332.70750000,,-45.79750000,NO,pm,1,0.01
1785127800,0xbf1c1bd6fb68a0038113e8a3768d4855f70fcae64865bad3b62f2c537e26acbd,NO,0.98,240,0.00,0,65265.74,65297.95779118,65262.11818646,-32.21779118,NO,pm,1,0.02
1785128100,0x6977573b2ad5f468bdfcba00e11d0438aa2d14be3cbf5ce6f28c20f3ec889f7f,NO,0.98,240,0.02,0,65240.46,65262.53136508,65225.69066921,-22.07136508,NO,pm,1,0.02
1785128400,0xbaa248c0cad9731f6d7997b20a56ca2da898e8597082cfae7f4130d470f5ae22,YES,0.97,240,0.09,0,65260.84,65225.69066921,65228.21108434,35.14933079,NO,pm,0,-0.97
1785128700,0x025cc75a86ce2720300f0b7f65d2ae2af17eeca74b9539500074e2839a1c7370,YES,0.96,267,0.13,0,65247.4350,65227.96157741,65260.47188214,19.47342259,YES,pm,1,0.04
1785129600,0xc540a29e7985f21677736e6b862ef11c59edbd6c72e718e79bf70ea174aaabbc,YES,0.97,240,-0.02,1,65349.3,65316.08113159,65346.87000000,33.21886841,YES,pm,1,0.03
1785130200,0x20120b298c6f7fceda2fb122eebcb74c258f7f20d7b7ce40282821f19a09ea45,NO,0.95,249,-0.07,1,65339.84,65349.95500000,65339.02630194,-10.11500000,NO,pm,1,0.05
1785130500,0xfbf8b998d6481605f42ca47d0d0f0e3b6a5230636d905136a757cd2f79602878,NO,0.95,289,0.13,0,65329.49,65338.35000000,65328.55086009,-8.86000000,NO,pm,1,0.05
1785131100,0xfb114b76d2927a3964205b9a373ff5c3381e789eaafc5249b064102e87d6b23f,NO,0.96,243,0.03,0,65302.79,65324.20593093,65304.41012835,-21.41593093,NO,pm,1,0.04
1785132000,0x7aadad135625898482e34052b2ad452c189f86342ffc6db214f19e32ea91c02d,YES,0.99,240,0.00,0,65466.6,65404.46077849,65472.87000000,62.13922151,YES,pm,1,0.01
1785132300,0x02195db83705eefefd72a8b911ed2cb61dd361aa3a96d67ea2896ef08d22ff98,YES,0.96,278,0.30,0,65500.5,65472.86500000,65500.50503004,27.63500000,YES,pm,1,0.04
1785132600,0x3095d74162fb78176a9623685aa42a1f14670bfb42f6c6338154528bc8b4523e,YES,0.95,245,0.05,0,65536.8,65499.69229121,65538.90229648,37.10770879,YES,pm,1,0.05
1785132900,0xee63438794b549ad4c6f51dfc68c1f8f5f7c59724fd1404f0d2a6cea3c75c5b6,NO,0.95,257,0.06,0,65513.15,65539.04000000,65511.50535365,-25.89000000,NO,pm,1,0.05
1785133200,0x018e56d50eb7c09cd28f4529290793d7e55dbd8b9440ff2fb8e178dac2cdbb15,NO,0.96,240,0.02,0,65479.2,65511.64900134,65476.98773847,-32.44900134,NO,pm,1,0.04
1785133800,0x600dc7ad15ccdbb4358fec5e50d0f7c70fe4bad8c7e71246763640b241ed31e2,YES,0.95,242,-0.03,1,65482.42,65430.83470588,65486.26961192,51.58529412,YES,pm,1,0.05
1785134100,0xfc54485eeef73e830abe0b22d946335dc1d5cc82c579da03cc67f22a4e60f89e,NO,0.95,259,0.08,0,65455.52,65486.53329030,65453.77115184,-31.01329030,NO,pm,1,0.05
1785134400,0x39279470de89ce1b626b905df410beb37702385f90a7eca2004d52ba583e8572,YES,0.96,240,0.02,0,65482.9750,65453.35533680,65470.10912089,29.61966320,YES,pm,1,0.04
1785134700,0x969405fb1f163c85946efe348c56daa89ebac00f3ae2f6770fcf9f6a9f489115,NO,0.99,243,0.01,0,65388.5550,65470.09704375,65398.37696398,-81.54204375,NO,pm,1,0.01
1785135000,0x0cfefe429f4761801063fdc6411d282ed82ee551f8b02de9478438d0af3c49f5,NO,0.95,255,-0.05,1,65373.25,65396.81849637,65367.02819092,-23.56849637,NO,pm,1,0.05
1785135300,0xdecacef0e2b161d9d0b568bb800e3e5a2da4ab24c20158ff89ea51de9ad1ebee,NO,0.95,282,0.17,0,65357.99,65366.93268346,65357.70499999,-8.94268346,NO,pm,1,0.05
1785135600,0xf90bfbd4d03a8938ad4389aea919e0ac14d7543e3381beca801c2e49cb863a2b,YES,0.95,287,0.05,0,65364.2750,65357.56839229,65368.26651573,6.70660771,YES,pm,1,0.05
1785135900,0x42a602e102ddffa08a5e14569c822e4bcc18a6c08d32b5dd4b985a6909da506c,NO,0.98,240,0.00,0,65300.3850,65367.95530708,65366.73751501,-67.57030708,NO,pm,1,0.02
1785136800,0xa3b25b2175445ee4b86bb4fab66695928ee093cf2e51571104af06f34986b4dc,YES,0.95,256,0.01,0,65381.31,65372.08123381,65381.00075949,9.22876619,YES,pm,1,0.05
1785137100,0xbed1e7747c74535eab5da2eaa40f641a66b84c395bc2aff733144a54eb020c62,NO,0.95,246,0.14,0,65367.78,65381.99499999,65353.20541613,-14.21499999,NO,pm,1,0.05
1785137400,0xc5bbc02c312c7914f50a84150c4934bffcf009cdfba4fbbad855e3aa0923ca4d,NO,0.98,240,0.00,0,65266.850,65352.54214776,65267.63485728,-85.69214776,NO,pm,1,0.02
1785137700,0x681c23e1b4e1161f4caacecfc265f738b7fdee0c2020dec76d5880de3705064f,NO,0.97,240,-0.01,1,65209.15,65267.33982077,65187.37499999,-58.18982077,NO,pm,1,0.03
1785138000,0x96a78e3f641efcf95d308fc6c45c8e63356e6273b56cea377bfe97e35724e3e1,YES,0.95,250,0.03,0,65213.3850,65185.21108391,65223.60730968,28.17391609,YES,pm,1,0.05
1785138600,0xb54f9f525ca5b69271a800bade4f910addf6bd0b204ccbc04d17782a4296c1c1,NO,0.95,243,-0.01,1,65223.71,65245.69500000,65251.62795803,-21.98500000,YES,pm,0,-0.95
1785138900,0x9f541e28959481d7976d8b6ab3a1b1982bee775d0c7d734a27315b6cd043226b,NO,0.99,240,0.01,0,65194.0550,65251.95693997,65164.71500000,-57.90193997,NO,pm,1,0.01
1785139200,0x7b69619da7be83fcb55026383f1565fb4a1bd8fc37603e7e8cc9b185005bacc9,NO,0.95,264,0.26,0,65150.99,65164.79000000,65164.35546463,-13.80000000,NO,pm,1,0.05
1785139500,0xc673b23aaa74350ccf88dac3a5246245fb5a86990832dece82f0c96ce9513d1b,NO,0.96,276,0.25,0,65143.2,65162.97250000,65138.08706814,-19.77250000,NO,pm,1,0.04
1785140100,0x30c11b829340cc067d27c18d38a4b060ec7b1992c767a93e097e9420e16cbcd5,YES,0.98,240,0.00,0,65199.8550,65132.12249999,65187.97750000,67.73250001,YES,pm,1,0.02
1785140400,0x73dd1218522db7b0232a962747c025d915be3b7f40abef033cf0f931d7392a39,NO,0.97,259,0.0,0,65174.10,65187.97500000,65160.74522647,-13.87500000,NO,pm,1,0.03
1785140700,0x001530fa9e5575641113002e0c765eca90c27ee8c46cfffd18b2ea3efa59c079,YES,0.95,267,0.10,0,65173.90,65160.68006556,65177.92580986,13.21993444,YES,pm,1,0.05
1785141000,0x0d69745128556f47840c28b7a34e1b082690a6697b9d1d952e554a8dead03e54,NO,0.98,240,0.06,0,65129.44,65177.94876730,,-48.50876730,NO,pm,1,0.02
1785141300,0x1727b37b37c0a3960ea159f82195237ea82533e73d4218ad0d6341f5ec963474,NO,0.95,280,0.04,0,65110.8,65117.41084536,65107.31500000,-6.61084536,NO,pm,1,0.05
1785141900,0x809210528f77ccedec2467dbcde68fe5c0a2310ffb20a3ada3d9a0839e35a4d1,YES,0.98,240,-0.01,1,65144.39,65103.86999999,65143.69505226,40.52000001,YES,pm,1,0.02
1785142200,0x4fce507faa8adce9bd27b76b29d16d1ff3d91203c6a1eab74f1cedda157f7422,NO,0.98,240,0.02,0,65091.83,65143.50751503,65112.32500000,-51.67751503,NO,pm,1,0.02
1785142500,0x2245cf275bfe6a7474f72eaa1f081371c217e9d9739071ac017f0a11605f8fef,NO,0.95,288,0.45,0,65110.4,65114.40172686,65107.07500000,-4.00172686,NO,pm,1,0.05
1785142800,0xe7773f1187af1fa5b4d8d97c9c59c8a3057ae3967e35e89665c685db687ed7cd,NO,0.99,240,0.00,0,65052.81,65107.33744541,,-54.52744541,NO,pm,1,0.01
1785143100,0x4c8b6b4a77c70ce729380a6852113d750e9e90fa5b8917a017aae6d0a9801f89,NO,0.95,245,0.03,0,65051.45,65076.26856368,65053.55714447,-24.81856368,NO,pm,1,0.05
1785143400,0x0c5f0bee6af72dcc9d9fb853cc9c29a0bdd8921bd83fe6d849183ad07e8d691d,YES,0.99,240,0.00,0,65091.99,65053.70486472,65061.03807893,38.28513528,YES,pm,1,0.01
1785143700,0xeda125d41bf6e29aa9cbc553290559dc438b84adbf5ca5bdcd9a4eb162e29241,YES,0.95,255,0.13,0,65077.0950,65061.53246925,65078.01984370,15.56253075,YES,pm,1,0.05
1785144300,0x8034288cba61365e2284d150abd48ac29f9324cfb52004a9821de1c9cbfec94e,YES,0.95,271,0.18,0,65158.22,65155.14577410,65165.31722375,3.07422590,YES,pm,1,0.05
1785144600,0x2979a2d8be13c60560aa533cbdb2613f0194c2c20f204ea7aec0b0c7b06b3362,YES,0.98,240,-0.01,1,65203.05,65165.87400326,65210.20000000,37.17599674,YES,pm,1,0.02
1785144900,0x43c8500384ef0896c093c97ca087bacf7614ba8863b006c31e713f9e0ab72d59,YES,0.97,240,-0.02,1,65251.22,65210.13896684,65265.07500000,41.08103316,YES,pm,1,0.03
1785145200,0xb63c58f39d78b138b65816bb6490413e82f62d158b63c993c193afcdc5f4c5fe,NO,0.97,240,-0.01,1,65238.1650,65265.07500000,65243.25500000,-26.91000000,NO,pm,1,0.03
1785145800,0x2788c022a80bdab21be645f5fc26cc4b3a453d8aef1f2ad36a46948ea2aafbbd,NO,0.95,240,0.14,0,65232.5050,65244.10000000,65210.28952328,-11.59500000,NO,pm,1,0.05
1785146100,0x07e6596288d96b08baa91b7198bbd11c95b136056707d0f1decd1ffa78d693cc,NO,0.96,278,0.18,0,65206.4750,65210.09503003,65203.93629751,-3.62003003,NO,pyth,1,0.04
1785146400,0xe5d5601dee6e5fe79d5a579ace72789db54c228ffabe05960b94d5f3fc27e422,NO,0.95,266,0.59,0,65195.1550,65202.46000000,65190.76682607,-7.30500000,NO,pyth,1,0.05
1785146700,0xe414236c91a336349e48a31e7ea637d2e25dae3cef9ec7d9cd58df80aaf47c6f,YES,0.96,240,0.04,0,65220.73,65190.45118122,65204.46929072,30.27881878,YES,pyth,1,0.04
1785147000,0x3c671882ae24b7aee5587483c310bc28578d4f2dc620f8284111147e95167392,NO,0.95,240,0.00,0,65186.9,65204.42941514,65190.00000000,-17.52941514,NO,pyth,1,0.05
1785147900,0xa026035c4a9781a8cf0e11fd30614bd9690951b85c35ce684d061ee3f64a9c2d,NO,0.99,240,0.01,0,65287.46,65323.62000000,65290.17091841,-36.16000000,NO,pm,1,0.01
1785147300,0x87096fe02eecb1e5a52d1a88b859d099673159def860f71f9c6277416f8e7347,YES,0.95,262,0.05,0,65206.5,65189.99500000,65215.67860312,16.50500000,YES,pm,1,0.05
1785148200,0x2bf32e85306b12a44f8ed3f4c99628b37fe85d0b88215eae964445ccfd558be1,NO,0.95,277,0.31,0,65283.2,65290.49503001,65283.20251503,-7.29503001,NO,pm,1,0.05
1785148500,0xf3286fe98fe9d4447531f70de8e38c7edffef257e21abf610149ed244575f480,YES,0.96,240,0.02,0,65299.63,65283.21,65332.70199413,16.42,YES,pm,1,0.04
1785148800,0x70b27320255e06bd7e9b10a064c2c1934d1686cb369515ba0c2b8a8d9c3bb32d,YES,0.95,242,0.01,0,65350.78,65332.84716855,65349.99751500,17.93283145,YES,pm,1,0.05
1785149100,0xed1a661efceb1e400c5d64580d14ecbf9935b1a33a4a40bc282b9e624e96b0b8,NO,0.99,240,0.00,0,65304.2,65349.79898009,65302.59500000,-45.59898009,NO,pm,1,0.01
1785149400,0xaaa1a66060da58634f07edd37efe8cba39c0620938f19e39594a56203ffee371,NO,0.95,285,0.12,0,65297.3250,65302.59500000,65299.42842518,-5.27000000,NO,pm,1,0.05
1785149700,0xbdca8c2bccd1b8c1f258a59b0bad5dcee299746dd2fe3306f2ddffdf0df045f9,NO,0.96,240,-0.03,1,65276.5050,65299.36000000,65278.10868494,-22.85500000,NO,pm,1,0.04
1785150300,0x426af79fd6eb30ff373cdcce910b9edf7321453d4345461c8c6a94c916f4ad3f,YES,0.99,240,0.01,0,65251.57,65229.82167883,65251.62500000,21.74832117,YES,pm,1,0.01
1785151800,0xcc9706f58250216456610b36671b44b792bdb329fd7932e7020496e9118e34b2,YES,0.99,240,0.00,0,65122.4050,65076.58000000,65139.79237263,45.82500000,YES,pm,1,0.01
1785152400,0x835d69daa5799648547edd921b3d71d0d6160e1fbf1c65fe1742260f064b03a3,NO,0.95,240,0.05,0,65110.91,65137.29786321,65101.64000000,-26.38786321,NO,pm,1,0.05
1785152700,0xd3a49367dd8ace0c11e0e1bdffa61f798cf946a71a014966921d6133d900fda4,NO,0.96,276,0.09,0,65086.98,65101.71000000,65087.07152424,-14.73000000,NO,pm,1,0.04
1785153000,0x66568713d0b839a0734bf6463a03f9213942eb4e4a0680a54d643c0e0c310814,NO,0.99,240,0.00,0,65042.25,65087.11000000,,-44.86000000,NO,pm,1,0.01
1785153300,0xc53993fb5888080b21d0cff801fb3a1d4223234936e83e33f0e836f82148ba46,NO,0.95,260,0.06,0,65048.67,65060.01499999,65042.83446082,-11.34499999,NO,pm,1,0.05
1785153600,0xcbe73ab35bf26403032a59a5d98d5782a2897daf5946c360a5d1111051006bb5,YES,0.98,240,-0.02,1,65090.25,65042.40000000,,47.85000000,YES,pm,1,0.02
1785153900,0xcac0e888db5a3df7cde2bc64b0177ad094be4b5180faa5f5e46faa975a3c70a4,YES,0.98,240,0.03,0,65183.84,65152.09548455,65173.14867590,31.74451545,YES,pm,1,0.02
1785154500,0x8523199bab1477f7c181e1836dbe997f7e8b35bebebe7b622a11e13e10cc66eb,NO,0.95,283,0.52,0,65022.4050,65031.25187759,65013.92500000,-8.84687759,NO,pm,1,0.05
1785154800,0x67072179093ffc025237e50c0c7bdbbc1f54b7d757fc133ba9e850410be51d1c,NO,0.95,262,0.02,0,64992.49,65013.92000000,64997.76232879,-21.43000000,NO,pm,1,0.05
1785155100,0x2997fce66f21901029fe14ca5ed5ba6d19aeb8acc18ede28d4fe74745a5063e4,NO,0.95,247,0.01,0,64971.4550,64996.43816229,64951.97499998,-24.98316229,NO,pm,1,0.05
1785155700,0x65bdf9212332f95ecd57d329d0a20cb6b6e9746aff9befeee81fecba182df7b8,YES,0.99,240,0.00,0,64888.99,64819.21250000,64919.48446053,69.77750000,YES,pm,1,0.01
1785156000,0xa44a958284e3cdcab36e683ad9ca33737910d97429d9309172fff0338df18ffa,YES,0.99,240,0.00,0,64973.04,64919.44590374,64987.24674562,53.59409626,YES,pm,1,0.01
1785157500,0x6ce78f7a84c570efa24c4a3e1b440e29681630ce99c116844eaa39818537a985,NO,0.95,265,0.03,0,65007.23,65029.21892961,64991.52000000,-21.98892961,NO,pm,1,0.05
1785157800,0x8204aacee92fb07dee76404d77470970e0ffd86d4b9948a16e75ef5f0b16e460,NO,0.95,240,0.01,0,64951.95,64991.52000000,64911.52499999,-39.57000000,NO,pm,1,0.05
1785158100,0x9832c775efa2fa1f2af28afcde22a5888467cc2b148bef785d9611f184a7f01a,YES,0.95,242,0.01,0,64947.02,64911.52249999,64961.00350743,35.49750001,YES,pm,1,0.05
1785158400,0x7b5dc9a545c3eeda016dc522c98e902cba8807ddb20abf8293697f02a7bf72ab,NO,0.97,240,0.02,0,64916.88,64958.80000000,64888.21500000,-41.92000000,NO,pm,1,0.03
1785159900,0xce2d3b3ec8c9642ace0e7d8bf298954007d5807f448b835c22fad41ed32112cb,NO,0.95,256,0.06,0,65550,65608.62256446,65580.20000000,-58.62256446,NO,pm,1,0.05
1785160800,0x31263e30d55bdfec309c08c73d2df5ddf08a7495b55371f4a42dc2446e5ac03d,YES,0.95,254,0.06,0,65227.2,65155.91715376,,71.28284624,YES,pm,1,0.05
1785161100,0x484e54e37c8fad773304f5b5f5d2e79dcf8204033311e4fb7d1e1ca0560fcab3,YES,0.95,271,0.17,0,65311.2,65263.42,,47.78,YES,pm,1,0.05
1785161400,0x17bf924c9cd8b980cfb9c586702eab9a8dc5bdee2f88c20caeb2d46ab008a78c,NO,0.97,242,-0.02,1,65261.5,65334.29413055,65297.46687923,-72.79413055,NO,pm,1,0.03
1785161700,0x4d7a105dfce3f92470534e518bc23fe4da28f2be9575a7a472b7ba26fce4e8ad,NO,0.99,240,0,0,65175.23,65297.70694148,65132.17859967,-122.47694148,NO,pm,1,0.01
1785162300,0x13d29f5aff86fb4e1c433e6050dae32a65ae35d5dc3e99dafaaab66ac5abe64c,NO,0.98,240,0.04,0,64893.00,64979.26750000,64809.89613161,-86.26750000,NO,pm,1,0.02
1785163200,0x3a2c56071c8705df77bf3a52dde9741ec626e9c2eeb58b06d36526f6dfaa964a,NO,0.97,240,0.00,0,64492.07,64593.88777346,64403.82712043,-101.81777346,NO,pm,1,0.03
1785163500,0x88dd3696beac71752cf53d6d995180cb94512eae26ec22c38dfaaba9eaff93a1,YES,0.99,240,0.01,0,64507.9,64404.12500000,64539.73250000,103.77500000,YES,pm,1,0.01
1785163800,0x73ccd35c015c602b86584701ce2acbae24ad1537a7a4424705c560cf1a56e236,NO,0.95,246,0.25,0,64485.14,64538.42593388,64508.39935190,-53.28593388,NO,pm,1,0.05
1785164100,0x6e2c23b70f400c1692730c3252ebc4ef933240fd5058658d8dbd01c838004af2,YES,0.97,240,0.04,0,64575.89,64508.37767513,64615.86750000,67.51232487,YES,pm,1,0.03
1785164400,0xb1e64e1761bee993ea6355a8708e915a3185fe698bd4db5ef63326115b4e0a2e,YES,0.95,272,0.17,0,64652.59,64617.47722959,64652.61500000,35.11277041,YES,pm,1,0.05
1785164700,0xf514c41df891cad35f17e65399f75b8dcb9c6844a0aaf149b92ce588f8add481,NO,0.98,240,0.01,0,64565.59,64652.59000000,64533.52593995,-87.00000000,NO,pm,1,0.02
1785165300,0x9440994c15a2a0e991213b17f21a2aeea711c5f86ec77850b0f4540a330449cf,NO,0.98,240,0.00,0,64565.32,64657.64004794,,-92.32004794,NO,pm,1,0.02
1785165600,0x3636c91e01c00eba25699066149002953d70c68d4c497896f3eccbb66bcacb64,NO,0.95,241,0.03,0,64574.2,64623.67750000,64555.18204034,-49.47750000,NO,pm,1,0.05
1785165900,0x8e2964039b02c676751b464acddf3646f535a2ad03d36b2c1f2cdc67dce88b62,NO,0.97,240,-0.01,1,64488.2750,64556.50704033,,-68.23204033,YES,pm,0,-0.97
1785166500,0xe450405bb670229ef0db66635f8ba02ca806fb7f532dfd40a4ddb1e759e0065a,NO,0.95,242,0.01,0,64440.53,64504.33350315,,-63.80350315,NO,pm,1,0.05
1785166800,0xce40ba63ed1246f9dda6665902fdcb3c7e8abc5ff4d0802a609752458ed85703,YES,0.95,254,0.28,0,64523.23,64484.97436869,64506.97462663,38.25563131,YES,pm,1,0.05
1785167700,0xaff0a03dbafbda6aca1302dfa5df02293f60b74df0b222f736c6c06187bbbdce,NO,0.95,269,0.20,0,64479,64506.37500000,64478.68000000,-27.37500000,NO,pm,1,0.05
1785168000,0x743529048dbf0aa354b6c2f07d3d4733719618b3c4ca3c2c69dd4d923eda9252,YES,0.98,240,0.02,0,64535.4650,64477.20119260,64566.17227921,58.26380740,YES,pm,1,0.02
1785168300,0xb2450366aa7bcc4e16565206c0b545c594997249f737481d74c70c37d655ecd5,NO,0.95,279,-0.01,1,64547.57,64569.27958011,64560.75503002,-21.70958011,NO,pm,1,0.05
1785168600,0x30de2186e6e42b450c6a9bf38b2418e5977ff9057665251a39850f24a4c360f3,NO,0.95,272,0.11,0,64538.91,64561.56108849,64543.58000000,-22.65108849,NO,pm,1,0.05
1785168900,0x93609c99c26fa3261d90f377e9fdc2630e2919433ca938cfed0dfa8ffed3cc45,NO,0.95,245,0.00,0,64501.96,64543.65751503,64516.98750000,-41.69751503,NO,pm,1,0.05
1785169200,0xdf8dc2bbc238d1a15db81b857b41b2997545ea105745dc797bee3a54e4619234,NO,0.97,240,0.02,0,64461.91,64517.13156860,64528.60498355,-55.22156860,YES,pm,0,-0.97
1785169800,0xcc307c4c2e1992e2994b6866f322f65ab5bb9a8d9ff5880ddc1c3150f564d5d0,YES,0.99,240,0.00,0,64742.56,64654.02393108,64808.84000000,88.53606892,YES,pm,1,0.01
1785170100,0xa699b65bbea80f17b75ce0149db0c63fbba83831c644acd22eb2c30042c1ae82,YES,0.95,240,0.04,0,64871.4750,64808.67751502,64849.55000000,62.79748498,YES,pm,1,0.05
1785170400,0xcf8eb9a75b6b82394fa9282f214437a52c34e4e5f87da497c34e70eaf9ce90b4,NO,0.95,284,0.17,0,64834.73,64850.79500000,64846.43994573,-16.06500000,YES,pm,0,-0.95
1785170700,0x16b7ac165e9c7d4f0ed14e34f851796dc85c22d1b4ac10bd285bf07490119184,YES,0.95,281,0.07,0,64868.5150,64846.73994573,64859.77351141,21.77505427,YES,pm,1,0.05
1785171300,0xec82aecee5bc75731897ecb804ec9e4808524ff7b2391de8ab44e3205d63f15e,YES,0.99,267,0,0,64828.6050,64764.60000000,64828.98000000,64.00500000,YES,pm,1,0.01
1785171600,0x9c92a30fe2749bfb5d39a635353abeab34c9dc9271ffa16f38d1016b15f84092,NO,0.99,243,0,0,64751.35,64828.98000000,64757.99503001,-77.63000000,NO,pm,1,0.01
1785171900,0xb441847d6b4fae28782059befb499275c110b8f4df303a6a157879eaa05e78f8,YES,0.95,263,0.17,0,64786.4,64758.15854997,64784.60198254,28.24145003,YES,pm,1,0.05
1785172200,0xfab8106b513b62f5cd6f4e2d3e8fb06e8e7d3cefd2cd979654137d18b850811d,YES,0.95,241,0.04,0,64810.9850,64782.61000000,64829.78658560,28.37500000,YES,pm,1,0.05
1785172500,0x505183e910ef9050b63f8cd46c01736c35e704ad059d2c3ff8e445171bb58e6e,YES,0.98,240,0.04,0,64862.62,64825.54000000,64870.77125000,37.08000000,YES,pm,1,0.02
1785173100,0xdcc59db5d8435efd34f1bf2ff929083d914f2364f71df51fc326be6de1c88155,NO,0.96,240,0.01,0,64932.2850,64968.05000000,64932.10211174,-35.76500000,NO,pm,1,0.04
1785173400,0xc6dc7ce1931f00f16304122cae6f1afe413b90d4f0656769617f1c7a51ca1ae8,YES,0.99,240,0.01,0,64984.05,64932.49805613,,51.55194387,YES,pm,1,0.01
1785173700,0xa6ae891d391bbc9ec1b44fdb71247372fa124320e1869ebc274e1f6f3e185d14,NO,0.95,250,0.07,0,64987.03,65008.18,64968.81558906,-21.15,NO,pm,1,0.05
1785174000,0x81a431560161a2ce5690289a9710143e29f19aad934e63612de8f86a7ed6cf54,NO,0.95,253,0.03,0,64943.33,64969.66907256,64932.88242676,-26.33907256,NO,pm,1,0.05
1785174300,0xcaae198be88dd6abed836337d2b558492488e7ae1860237d793ff449d438c89a,NO,0.98,240,0.07,0,64894.21,64932.74750500,64903.06788016,-38.53750500,NO,pm,1,0.02
1785174900,0xe76c88148a5528d81ae6a997af490bcc2ca76c4b94622a0724a53a869a933863,YES,0.95,242,-0.02,1,64941.4,64907.86142132,64949.10000000,33.53857868,YES,pm,1,0.05
1785175200,0xb41c26f1e3fad13377bceb61bb1f9ee2cc89b0cded354279ffc62a32f8c1b1a6,YES,0.95,259,0.04,0,64973.39,64949.10000000,64945.38499999,24.29000000,NO,pm,0,-0.95
1785175500,0x959669a71582639a647dbbe7f21e098411d34dd1ee8ed7dfc98f672bd2337ac1,NO,0.97,240,0.07,0,64921,64945.38500000,64911.64847304,-24.38500000,NO,pm,1,0.03
1785175800,0xeb19c916d1f9bfb1fa27743e9cfd223159effc1fdb4cc76ad6ab711b73f092cd,NO,0.95,287,0.25,0,64901.05,64911.55364052,64892.55500000,-10.50364052,NO,pm,1,0.05
1785176100,0x4d8e98e419d97107d525317fd1ea45aa153a6fdc52b66c2c7ef7ae4dcd609351,NO,0.99,240,0.00,0,64816.42,64892.55500000,64792.74626239,-76.13500000,NO,pm,1,0.01
1785176400,0xd2cd3d8c904499a8819d0e2f579674f4661403195ccf0361e6f65b9c51419de3,YES,0.95,278,0.21,0,64802.47,64789.64500000,64818.30865674,12.82500000,YES,pm,1,0.05
1785176700,0xee697dce4611b4673d80972df31478bec08a6eff1ed30be23a127e83956dda1e,YES,0.95,257,0.04,0,64837.1550,64818.74000000,64841.57069122,18.41500000,YES,pm,1,0.05
1785177300,0x08a467c353e3f299e5f4a7b53713229ce9fd2c78d1f43eafdf03cca88935e527,NO,0.95,280,0.22,0,64720.17,64740.54017003,64719.80973238,-20.37017003,NO,pm,1,0.05
1785177600,0xcb861421869bffe1905a79b184c9b15eade7a776f6972986ba3f797461693aa4,YES,0.98,240,0.02,0,64790.07,64718.63369744,64770.47552368,71.43630256,YES,pyth,1,0.02
1785177900,0x6c82ee599c4411766467d33a28f35058ceff5af176c992ba568a6e1e3d199986,NO,0.95,263,0.05,0,64741.44,64770.30506676,64704.22141336,-28.86506676,NO,pm,1,0.05
1785178200,0x3435243c30dea434f75f81e3065161de9eb939d2fee34b19e09546f5c8358fcf,YES,0.99,240,0.01,0,64759.62,64703.08391544,64772.20000000,56.53608456,YES,pyth,1,0.01
1785178500,0xf969ec9dc95e4308f2883ff4fe468a1012dd966e62f8f94e2ef63de0f6078359,YES,0.95,242,0.08,0,64799.95,64772.73510405,64807.71000000,27.21489595,YES,pyth,1,0.05
1785178800,0x649b96e3eb7c9d5bdc1eff43a0f364e9b62b7fcdd1310c2f632616821e3d123b,NO,0.98,240,0.01,0,64764.1550,64807.38823292,64765.52375750,-43.23323292,NO,pyth,1,0.02
1785179400,0x321ea34d864acf54e3733a319b6b4b5467e46975f9d07d0494299f688077dacd,YES,0.95,240,-0.04,1,64912.8,64865.10892580,64902.19305023,47.69107420,YES,pyth,1,0.05
1785179700,0x357d66f784561108aacc07bdb5c7d55e9406f080d63a944dd84027b2a6324394,NO,0.96,279,0.05,0,64888.1150,64902.20244520,64907.25500001,-14.08744520,YES,pyth,0,-0.96
1785180000,0x79f63b21629c2f78634a882ba9e2d92f2749df89b574158f6a0dc553bced5714,NO,0.95,270,0.12,0,64890.77,64907.37000001,64886.44958521,-16.60000001,NO,pyth,1,0.05
1785180300,0xcbe3a3f2663b2fd4d81aa1b6b947e70f54994efa8876db142366a930e7509e7f,YES,0.95,280,0.15,0,64899.31,64890.5350,64925.28000000,8.7750,YES,pyth,1,0.05
1785180600,0x247bdbeb7f045dea622705183fc3ede459d61a59750e8f0d8185e454199c2728,YES,0.98,240,0.01,0,64977.5050,64925.51999999,64972.70500001,51.98500001,YES,pyth,1,0.02
1785180900,0x09a8fe0a7e411446425945ade4e07f6256ceac3c9e57557ff51e6073223e9879,NO,0.95,250,0.04,0,64939.6750,64972.70,64937.11751502,-33.0250,NO,pyth,1,0.05
1785181200,0xd03d8b5309cbb58a9dba28a0c34bc08c404debcb4f1a0aa725884a2a0baba73b,NO,0.97,240,0.06,0,64907.3,64937.11751505,64910.70774225,-29.81751505,NO,pyth,1,0.03
1785181500,0x74cbaa1f67b01de1712b661dbb0fcd13eec282964049a320e924126edd40d444,NO,0.95,272,0.13,0,64896.9550,64910.20000000,64889.30443740,-13.24500000,NO,pyth,1,0.05
1785182100,0x24fe223197598c1bca748265aae925c345125c77c98376eb744cb2ab67f49d06,YES,0.95,266,0.08,0,64900.00,64887.20951786,64910.69722554,12.79048214,YES,pyth,1,0.05
1785182400,0xbc28227947f6572d4a131cc46157c2ea0e2bbb8f76e16f9630cf757bc5ac3d11,YES,0.97,240,0.00,0,64963.62,64916.79500000,64940.14000000,46.82500000,YES,pyth,1,0.03
1785182700,0xbbe8226582ab7507988793a9bb59687fa8dc900f34899a5b9d0065cd12e3ec0f,NO,0.99,240,0.01,0,64885.8850,64940.14000000,64884.53000000,-54.25500000,NO,pyth,1,0.01
1785183300,0x712fc80b2725634960d8ce4464870ec846629487270bea8553e21f37f5c4d202,NO,0.99,240,0.01,0,64842.14,64888.11500000,64852.26143692,-45.97500000,NO,pyth,1,0.01
1785183600,0x25a8469195266a599b00d76432283116aecdeda947473e3ef29b8b20f338ee51,YES,0.98,240,0.02,0,64884.03,64852.20000000,64899.97500000,31.83000000,YES,pyth,1,0.02
1785183900,0x352ccedc3606f13a8bedc89db42be81b717739d4176183a4ee50f3b1fa5a255e,YES,0.98,240,0.00,0,64930.01,64899.97500001,64947.29500000,30.03499999,YES,pyth,1,0.02
1785184200,0xdfaac550108af5093d27e25a3655ba9c32a65c8d9ca75e1f51935dc96b5a8051,NO,0.95,270,0.02,0,64929.2850,64947.41000000,64932.14364708,-18.12500000,NO,pyth,1,0.05
1785184500,0x14871dd8fde68fddef2f9e696f4d212f80c990c5baac8b64a643de0c22263e39,NO,0.98,240,0.01,0,64900,64932.48759763,64898.11000000,-32.48759763,NO,pyth,1,0.02
1785184800,0x21869ee50612109a4bf18dbde00593f36f400d8260fff2f420c8a7a5297d2b19,NO,0.96,259,0.01,0,64879.79,64898.11000000,64882.14500000,-18.32000000,NO,pyth,1,0.04
1785185100,0xee66d91548c52290c54716ff871b9c87439ffa088024b300d2ad42738d171207,NO,0.96,240,0.01,0,64847.4950,64882.15536905,64863.93999996,-34.66036905,NO,pyth,1,0.04
1785185400,0x5ceac454c3e028577f828260721da44fc20d155fd07d80b20161814d4938cc75,YES,0.95,279,0.20,0,64866.250,64863.80000000,64868.97472493,2.45000000,YES,pyth,1,0.05
1785185700,0x2ce76b7f14c7ca1601dc28db3ffc763df21d6509e894a51e8385e6da06e70d75,YES,0.95,240,-0.01,1,64891.0050,64868.41033238,64897.52813196,22.59466762,YES,pyth,1,0.05
1785186000,0x62e1d3ed839c2aae83b031aa8a4f5a7033ca826eeff642f1b5c56ee1f615b0ef,NO,0.95,242,0.09,0,64871.0650,64897.79355150,64845.05005002,-26.72855150,NO,pyth,1,0.05
1785186300,0xc5e35e3867d53a9694df94ad8a9740ce739cca9f047d78482f8a7b530251c876,YES,0.95,247,0.02,0,64864.7,64844.87885746,64864.74563102,19.82114254,YES,pyth,1,0.05
1785186600,0x357eb4b1b0cd27b3a94e3825b721a6c338f3425f80575ab5c60fa91555e8f99e,NO,0.97,240,0.00,0,64836.17,64864.73000000,64839.80499999,-28.56000000,NO,pyth,1,0.03
1785186900,0xa28f1117df28265adfd73ada223efb91c9d3618d50d78045bc0e6e817fce1032,NO,0.96,240,0.00,0,64818.3,64839.72000000,64813.62813639,-21.42000000,NO,pyth,1,0.04
1785187500,0xed11ece5cfb65ea1ef997d9610e19a97201754596493c9eb7fca9791ead023b0,NO,0.99,240,0.00,0,64790.08,64811.31594271,64765.70000000,-21.23594271,NO,pyth,1,0.01
1785187800,0x17f4bcfbeab895cddec9e27999d5d44a723d283f7ce06c13f660995e5547f390,YES,0.99,240,0.00,0,64813.06,64764.78143777,64807.05922968,48.27856223,YES,pyth,1,0.01
1785188100,0xa3d0ad0a6909a8ecdc629a51429d5e8d474acf7284cbcb29c3a977000cda56f1,NO,0.96,240,0.08,0,64789.49,64807.08496426,64751.62056518,-17.59496426,NO,pyth,1,0.04
1785188400,0x48931f2b19ab4cae5495dca9b3b346763f1d596637065cb92cd4d8e34b7be09d,YES,0.95,270,0.51,0,64760.65,64752.16157592,64761.52503001,8.48842408,YES,pyth,1,0.05
1785188700,0x3d353d746f4553addea90a05432d994bd98e89bcfe7f19aa62d5995a9633d568,NO,0.95,276,0.07,0,64747.9,64761.52503006,64763.78694438,-13.62503006,YES,pyth,0,-0.95
1785189000,0xfbf2524a433ea4f9ff4d2c4e314625e8fc9c96958eecd3e95bcbbe4dc5392a6a,YES,0.95,253,0.03,0,64783.5,64763.88076228,64783.10855309,19.61923772,YES,pyth,1,0.05
1785189300,0x736e2d538dc54a0fcb62d789ad735a3bbf1fe7171e123899182fbb084c450cc1,NO,0.95,268,0.26,0,64770.98,64782.47271902,64757.97648753,-11.49271902,NO,pyth,1,0.05
1785189900,0x83f7aed9877d3848bfcb562a9503ccd5acc847f7f9e699f5b4e35e2e17635243,YES,0.95,255,0.30,0,64666.64,64646.48906335,64672.42750001,20.15093665,YES,pyth,1,0.05
1785190200,0x75629d1cf14743d55b27a5b3a94272e31be0dc1796d5adcb57039f9d5c99bda2,NO,0.95,253,0.14,0,64650.24,64672.42499999,64660.38714711,-22.18499999,NO,pyth,1,0.05
1785190500,0x2e7a25679c60120f54c70e20b6fb030a929d97a430f8b35246463ec879610c7c,YES,0.95,243,0.03,0,64693.5,64660.44995158,64676.91350757,33.05004842,YES,pyth,1,0.05
1785190800,0x195c0ed3e1d14b1c26500b7bc9f5850e9adfd78ccfd28362acf822038ba1773c,NO,0.99,240,0.03,0,64632.51,64677.29072515,,-44.78072515,,,,
1785191100,0x3768b61568f745892c1ba1202e2cbeb48e8024f41a7300fe366191c7d79c6c62,NO,0.99,240,0.01,0,64553.08,64614.84500002,64541.66091019,-61.76500002,NO,pyth,1,0.01
1785191400,0xd6e4055dc72193b8e1705bc402e10da773ac6b9f6171785840e89730ed3ddac2,NO,0.95,259,0.33,0,64516.38,64541.97500000,64472.36500000,-25.59500000,NO,pyth,1,0.05
1785192300,0x4dbef215a10df58f8d964e3bb7bae2c220f5f553f4a66c5db0d24d08e4bde5b3,NO,0.95,240,-0.01,1,64074.23,64151.52039890,64061.36076757,-77.29039890,NO,pyth,1,0.05
