trigger_wall_ms,direction,median_before,median_after,median_delta,pm_yes_mid_at_trigger,pm_no_mid_at_trigger,status,lag_ms,pm_yes_mid_at_reaction,pm_yes_mid_delta,yes_token_id,condition_id,window_start_ts
1781563486083,up,66232.850,66245,12.150,0.0450,0.50,reacted,58,0.50,0.4550,0xe198fcdc34212e60db072e95198670708098c68516d571568c265aa49537819e,0xe80bc3a4727dafa228c5315fdc8b23c2c0e7d4af6d19d6fd4b433f5463dea968,1781563200
1781563494594,up,66243.4,66257.3650,13.9650,0.0350,0.9650,reacted,2,0.04,0.0050,0xe198fcdc34212e60db072e95198670708098c68516d571568c265aa49537819e,0xe80bc3a4727dafa228c5315fdc8b23c2c0e7d4af6d19d6fd4b433f5463dea968,1781563200
1781563505556,up,66253.6850,66268.73,15.0450,0.56,0.44,reacted,0,0.5650,0.0050,0x8c5027a25eb8f27e79689622224ca80ece28bc049ec848202524e090a6564bda,0xbedd67e1bc78cce82020500afb68ac90d73884a2ef90d8b42924e542545ab3e6,1781563500
1781563510758,up,66268.73,66282.33,13.60,0.6350,0.3650,reacted,37,0.64,0.0050,0x8c5027a25eb8f27e79689622224ca80ece28bc049ec848202524e090a6564bda,0xbedd67e1bc78cce82020500afb68ac90d73884a2ef90d8b42924e542545ab3e6,1781563500
1781563516134,down,66287.2,66277.16,-10.04,0.6050,0.3950,reacted,13,0.50,-0.1050,0x8c5027a25eb8f27e79689622224ca80ece28bc049ec848202524e090a6564bda,0xbedd67e1bc78cce82020500afb68ac90d73884a2ef90d8b42924e542545ab3e6,1781563500
1781563524538,down,66288.82,66273.2,-15.62,0.6050,0.3950,reacted,69,0.50,-0.1050,0x8c5027a25eb8f27e79689622224ca80ece28bc049ec848202524e090a6564bda,0xbedd67e1bc78cce82020500afb68ac90d73884a2ef90d8b42924e542545ab3e6,1781563500
1781563534190,down,66274.09,66246.92,-27.17,0.4250,0.5750,reacted,1290,0.42,-0.0050,0x8c5027a25eb8f27e79689622224ca80ece28bc049ec848202524e090a6564bda,0xbedd67e1bc78cce82020500afb68ac90d73884a2ef90d8b42924e542545ab3e6,1781563500
1781563539250,down,66246.92,66236.65,-10.27,0.3750,0.6250,reacted,3976,0.37,-0.0050,0x8c5027a25eb8f27e79689622224ca80ece28bc049ec848202524e090a6564bda,0xbedd67e1bc78cce82020500afb68ac90d73884a2ef90d8b42924e542545ab3e6,1781563500
1781563546760,up,66232.9,66243.43,10.53,0.4350,0.5650,reacted,112,0.50,0.0650,0x8c5027a25eb8f27e79689622224ca80ece28bc049ec848202524e090a6564bda,0xbedd67e1bc78cce82020500afb68ac90d73884a2ef90d8b42924e542545ab3e6,1781563500
1781563551862,down,66239.71,66224.98,-14.73,0.3450,0.6550,reacted,4233,0.34,-0.0050,0x8c5027a25eb8f27e79689622224ca80ece28bc049ec848202524e090a6564bda,0xbedd67e1bc78cce82020500afb68ac90d73884a2ef90d8b42924e542545ab3e6,1781563500
1781563563662,up,66223.9,66235.88,11.98,0.3450,0.6550,reacted,83,0.50,0.1550,0x8c5027a25eb8f27e79689622224ca80ece28bc049ec848202524e090a6564bda,0xbedd67e1bc78cce82020500afb68ac90d73884a2ef90d8b42924e542545ab3e6,1781563500
1781563568811,up,66235.88,66246.98,11.10,0.4450,0.5550,reacted,61,0.50,0.0550,0x8c5027a25eb8f27e79689622224ca80ece28bc049ec848202524e090a6564bda,0xbedd67e1bc78cce82020500afb68ac90d73884a2ef90d8b42924e542545ab3e6,1781563500
1781563573832,up,66246.98,66259.75,12.77,0.5750,0.4250,reacted,7148,0.5850,0.0100,0x8c5027a25eb8f27e79689622224ca80ece28bc049ec848202524e090a6564bda,0xbedd67e1bc78cce82020500afb68ac90d73884a2ef90d8b42924e542545ab3e6,1781563500
1781563582789,up,66265.85,66281.89,16.04,0.6250,0.3750,reacted,0,0.6350,0.0100,0x8c5027a25eb8f27e79689622224ca80ece28bc049ec848202524e090a6564bda,0xbedd67e1bc78cce82020500afb68ac90d73884a2ef90d8b42924e542545ab3e6,1781563500
1781563605272,down,66278.8350,66261.3,-17.5350,0.5350,0.4650,reacted,76,0.50,-0.0350,0x8c5027a25eb8f27e79689622224ca80ece28bc049ec848202524e090a6564bda,0xbedd67e1bc78cce82020500afb68ac90d73884a2ef90d8b42924e542545ab3e6,1781563500
1781563588083,up,66274.99,66289.93,14.94,0.7150,0.2850,timeout,,,,0x8c5027a25eb8f27e79689622224ca80ece28bc049ec848202524e090a6564bda,0xbedd67e1bc78cce82020500afb68ac90d73884a2ef90d8b42924e542545ab3e6,1781563500
1781563618836,down,66261.08,66250.0650,-11.0150,0.4650,0.5350,reacted,307,0.4550,-0.0100,0x8c5027a25eb8f27e79689622224ca80ece28bc049ec848202524e090a6564bda,0xbedd67e1bc78cce82020500afb68ac90d73884a2ef90d8b42924e542545ab3e6,1781563500
1781563624079,down,66250.0650,66221.04,-29.0250,0.2550,0.7450,reacted,1882,0.2450,-0.0100,0x8c5027a25eb8f27e79689622224ca80ece28bc049ec848202524e090a6564bda,0xbedd67e1bc78cce82020500afb68ac90d73884a2ef90d8b42924e542545ab3e6,1781563500
1781563634834,down,66213.61,66202.28,-11.33,0.2250,0.7750,reacted,935,0.2150,-0.0100,0x8c5027a25eb8f27e79689622224ca80ece28bc049ec848202524e090a6564bda,0xbedd67e1bc78cce82020500afb68ac90d73884a2ef90d8b42924e542545ab3e6,1781563500
1781563640077,down,66202.28,66188.6,-13.68,0.2050,0.7950,reacted,173,0.20,-0.0050,0x8c5027a25eb8f27e79689622224ca80ece28bc049ec848202524e090a6564bda,0xbedd67e1bc78cce82020500afb68ac90d73884a2ef90d8b42924e542545ab3e6,1781563500
1781563652621,down,66197.0050,66182.00,-15.0050,0.0950,0.9050,reacted,1952,0.09,-0.0050,0x8c5027a25eb8f27e79689622224ca80ece28bc049ec848202524e090a6564bda,0xbedd67e1bc78cce82020500afb68ac90d73884a2ef90d8b42924e542545ab3e6,1781563500
1781563663574,up,66161.54,66179.57,18.03,0.0650,0.9350,reacted,1152,0.50,0.4350,0x8c5027a25eb8f27e79689622224ca80ece28bc049ec848202524e090a6564bda,0xbedd67e1bc78cce82020500afb68ac90d73884a2ef90d8b42924e542545ab3e6,1781563500
1781563672793,up,66174.8,66185.1,10.3,0.0750,0.9250,reacted,13,0.50,0.4250,0x8c5027a25eb8f27e79689622224ca80ece28bc049ec848202524e090a6564bda,0xbedd67e1bc78cce82020500afb68ac90d73884a2ef90d8b42924e542545ab3e6,1781563500
1781563681308,up,66184.11,66194.72,10.61,0.0950,0.9050,reacted,152,0.50,0.4050,0x8c5027a25eb8f27e79689622224ca80ece28bc049ec848202524e090a6564bda,0xbedd67e1bc78cce82020500afb68ac90d73884a2ef90d8b42924e542545ab3e6,1781563500
1781563658394,down,66182.00,66161.54,-20.46,0.0450,0.9550,reacted,25401,0.04,-0.0050,0x8c5027a25eb8f27e79689622224ca80ece28bc049ec848202524e090a6564bda,0xbedd67e1bc78cce82020500afb68ac90d73884a2ef90d8b42924e542545ab3e6,1781563500
1781563691362,up,66164.13,66183.5750,19.4450,0.0750,0.9250,reacted,594,0.50,0.4250,0x8c5027a25eb8f27e79689622224ca80ece28bc049ec848202524e090a6564bda,0xbedd67e1bc78cce82020500afb68ac90d73884a2ef90d8b42924e542545ab3e6,1781563500
1781563701120,down,66187.4450,66175.77,-11.6750,0.0550,0.9450,reacted,47,0.05,-0.0050,0x8c5027a25eb8f27e79689622224ca80ece28bc049ec848202524e090a6564bda,0xbedd67e1bc78cce82020500afb68ac90d73884a2ef90d8b42924e542545ab3e6,1781563500
1781563686336,down,66191.97,66164.13,-27.84,0.0350,0.9650,reacted,15346,0.03,-0.0050,0x8c5027a25eb8f27e79689622224ca80ece28bc049ec848202524e090a6564bda,0xbedd67e1bc78cce82020500afb68ac90d73884a2ef90d8b42924e542545ab3e6,1781563500
1781563713168,up,66165.7,66192.98,27.28,0.0250,0.9750,reacted,873,0.50,0.4750,0x8c5027a25eb8f27e79689622224ca80ece28bc049ec848202524e090a6564bda,0xbedd67e1bc78cce82020500afb68ac90d73884a2ef90d8b42924e542545ab3e6,1781563500
1781563719551,up,66204.21,66228.37,24.16,0.0250,0.9750,reacted,170,0.50,0.4750,0x8c5027a25eb8f27e79689622224ca80ece28bc049ec848202524e090a6564bda,0xbedd67e1bc78cce82020500afb68ac90d73884a2ef90d8b42924e542545ab3e6,1781563500
1781563730151,down,66238.40,66227.84,-10.56,0.04,0.96,reacted,582,0.0350,-0.0050,0x8c5027a25eb8f27e79689622224ca80ece28bc049ec848202524e090a6564bda,0xbedd67e1bc78cce82020500afb68ac90d73884a2ef90d8b42924e542545ab3e6,1781563500
1781563741077,up,66225.1,66240.27,15.17,0.0850,0.9150,reacted,109,0.50,0.4150,0x8c5027a25eb8f27e79689622224ca80ece28bc049ec848202524e090a6564bda,0xbedd67e1bc78cce82020500afb68ac90d73884a2ef90d8b42924e542545ab3e6,1781563500
1781563724915,down,66257.78,66230,-27.78,0.0250,0.9750,timeout,,,,0x8c5027a25eb8f27e79689622224ca80ece28bc049ec848202524e090a6564bda,0xbedd67e1bc78cce82020500afb68ac90d73884a2ef90d8b42924e542545ab3e6,1781563500
1781563765449,down,66220.5050,66200.25,-20.2550,0.2350,0.7650,reacted,1833,0.0150,-0.2200,0x8c5027a25eb8f27e79689622224ca80ece28bc049ec848202524e090a6564bda,0xbedd67e1bc78cce82020500afb68ac90d73884a2ef90d8b42924e542545ab3e6,1781563500
1781563780543,up,66191.01,66203.23,12.22,0.0150,0.9850,reacted,26,0.50,0.4850,0x8c5027a25eb8f27e79689622224ca80ece28bc049ec848202524e090a6564bda,0xbedd67e1bc78cce82020500afb68ac90d73884a2ef90d8b42924e542545ab3e6,1781563500
1781563770618,down,66200.25,66188.66,-11.59,0.0050,0.9950,rollover,,,,0x8c5027a25eb8f27e79689622224ca80ece28bc049ec848202524e090a6564bda,0xbedd67e1bc78cce82020500afb68ac90d73884a2ef90d8b42924e542545ab3e6,1781563500
1781563785553,down,66200.4,66166.75,-33.65,0.0050,0.9950,rollover,,,,0x8c5027a25eb8f27e79689622224ca80ece28bc049ec848202524e090a6564bda,0xbedd67e1bc78cce82020500afb68ac90d73884a2ef90d8b42924e542545ab3e6,1781563500
1781563797459,up,66155.9,66171.05,15.15,0.0050,0.9950,rollover,,,,0x8c5027a25eb8f27e79689622224ca80ece28bc049ec848202524e090a6564bda,0xbedd67e1bc78cce82020500afb68ac90d73884a2ef90d8b42924e542545ab3e6,1781563500
1781563820307,down,66183.8,66169.13,-14.67,0.5050,0.4950,reacted,168,0.50,-0.0050,0x5ba439146939fde9255bd59e916d5551ac51db30da502f60c74c29088f980d79,0xdc51737d1ad231184aaa6ae6cff2546dd04f6c5c4d80e329292b401e1d39160a,1781563800
1781563834398,up,66156.89,66167.18,10.29,0.4950,0.5050,reacted,19,0.50,0.0050,0x5ba439146939fde9255bd59e916d5551ac51db30da502f60c74c29088f980d79,0xdc51737d1ad231184aaa6ae6cff2546dd04f6c5c4d80e329292b401e1d39160a,1781563800
1781563809565,up,66169,66179.58,10.58,0.5750,0.4250,timeout,,,,0x5ba439146939fde9255bd59e916d5551ac51db30da502f60c74c29088f980d79,0xdc51737d1ad231184aaa6ae6cff2546dd04f6c5c4d80e329292b401e1d39160a,1781563800
1781563845306,up,66160.08,66171.03,10.95,0.5250,0.4750,reacted,262,0.53,0.0050,0x5ba439146939fde9255bd59e916d5551ac51db30da502f60c74c29088f980d79,0xdc51737d1ad231184aaa6ae6cff2546dd04f6c5c4d80e329292b401e1d39160a,1781563800
1781563850367,up,66171.03,66191.69,20.66,0.6150,0.3850,reacted,1560,0.62,0.0050,0x5ba439146939fde9255bd59e916d5551ac51db30da502f60c74c29088f980d79,0xdc51737d1ad231184aaa6ae6cff2546dd04f6c5c4d80e329292b401e1d39160a,1781563800
1781563855556,up,66190.17,66218.23,28.06,0.7550,0.2450,reacted,2332,0.76,0.0050,0x5ba439146939fde9255bd59e916d5551ac51db30da502f60c74c29088f980d79,0xdc51737d1ad231184aaa6ae6cff2546dd04f6c5c4d80e329292b401e1d39160a,1781563800
1781563860584,up,66218.22,66229.51,11.29,0.7950,0.2050,reacted,384,0.80,0.0050,0x5ba439146939fde9255bd59e916d5551ac51db30da502f60c74c29088f980d79,0xdc51737d1ad231184aaa6ae6cff2546dd04f6c5c4d80e329292b401e1d39160a,1781563800
1781563875331,down,66241.5050,66212.00,-29.5050,0.7050,0.2950,reacted,24,0.50,-0.2050,0x5ba439146939fde9255bd59e916d5551ac51db30da502f60c74c29088f980d79,0xdc51737d1ad231184aaa6ae6cff2546dd04f6c5c4d80e329292b401e1d39160a,1781563800
1781563883296,up,66205.99,66218.33,12.34,0.7450,0.2550,reacted,631,0.75,0.0050,0x5ba439146939fde9255bd59e916d5551ac51db30da502f60c74c29088f980d79,0xdc51737d1ad231184aaa6ae6cff2546dd04f6c5c4d80e329292b401e1d39160a,1781563800
1781563888356,up,66218.33,66230.79,12.46,0.8050,0.1950,reacted,2156,0.81,0.0050,0x5ba439146939fde9255bd59e916d5551ac51db30da502f60c74c29088f980d79,0xdc51737d1ad231184aaa6ae6cff2546dd04f6c5c4d80e329292b401e1d39160a,1781563800
1781563870306,up,66233.5250,66244.39,10.8650,0.8250,0.1750,reacted,29409,0.83,0.0050,0x5ba439146939fde9255bd59e916d5551ac51db30da502f60c74c29088f980d79,0xdc51737d1ad231184aaa6ae6cff2546dd04f6c5c4d80e329292b401e1d39160a,1781563800
1781563900111,up,66225.53,66244,18.47,0.8550,0.1450,reacted,642,0.86,0.0050,0x5ba439146939fde9255bd59e916d5551ac51db30da502f60c74c29088f980d79,0xdc51737d1ad231184aaa6ae6cff2546dd04f6c5c4d80e329292b401e1d39160a,1781563800
1781563906363,down,66252.21,66240.8,-11.41,0.8450,0.1550,reacted,151,0.50,-0.3450,0x5ba439146939fde9255bd59e916d5551ac51db30da502f60c74c29088f980d79,0xdc51737d1ad231184aaa6ae6cff2546dd04f6c5c4d80e329292b401e1d39160a,1781563800
1781563911367,down,66240.8,66222.37,-18.43,0.7650,0.2350,reacted,51,0.50,-0.2650,0x5ba439146939fde9255bd59e916d5551ac51db30da502f60c74c29088f980d79,0xdc51737d1ad231184aaa6ae6cff2546dd04f6c5c4d80e329292b401e1d39160a,1781563800
1781563918069,down,66222.37,66210.9950,-11.3750,0.7250,0.2750,reacted,2,0.50,-0.2250,0x5ba439146939fde9255bd59e916d5551ac51db30da502f60c74c29088f980d79,0xdc51737d1ad231184aaa6ae6cff2546dd04f6c5c4d80e329292b401e1d39160a,1781563800
1781563927336,down,66215.17,66204.32,-10.85,0.7350,0.2650,reacted,53,0.50,-0.2350,0x5ba439146939fde9255bd59e916d5551ac51db30da502f60c74c29088f980d79,0xdc51737d1ad231184aaa6ae6cff2546dd04f6c5c4d80e329292b401e1d39160a,1781563800
1781563943322,up,66202.8,66217.11,14.31,0.7950,0.2050,reacted,13,0.8050,0.0100,0x5ba439146939fde9255bd59e916d5551ac51db30da502f60c74c29088f980d79,0xdc51737d1ad231184aaa6ae6cff2546dd04f6c5c4d80e329292b401e1d39160a,1781563800
1781563948352,down,66231.01,66211.37,-19.64,0.7650,0.2350,reacted,59,0.50,-0.2650,0x5ba439146939fde9255bd59e916d5551ac51db30da502f60c74c29088f980d79,0xdc51737d1ad231184aaa6ae6cff2546dd04f6c5c4d80e329292b401e1d39160a,1781563800
1781563999334,down,66225.56,66215.5,-10.06,0.8150,0.1850,reacted,429,0.50,-0.3150,0x5ba439146939fde9255bd59e916d5551ac51db30da502f60c74c29088f980d79,0xdc51737d1ad231184aaa6ae6cff2546dd04f6c5c4d80e329292b401e1d39160a,1781563800
1781564004577,down,66215.5,66204.52,-10.98,0.8050,0.1950,reacted,70,0.50,-0.3050,0x5ba439146939fde9255bd59e916d5551ac51db30da502f60c74c29088f980d79,0xdc51737d1ad231184aaa6ae6cff2546dd04f6c5c4d80e329292b401e1d39160a,1781563800
1781564015835,down,66211.67,66200.77,-10.90,0.8350,0.1650,reacted,25,0.50,-0.3350,0x5ba439146939fde9255bd59e916d5551ac51db30da502f60c74c29088f980d79,0xdc51737d1ad231184aaa6ae6cff2546dd04f6c5c4d80e329292b401e1d39160a,1781563800
1781564009580,up,66205.4050,66215.75,10.3450,0.8650,0.1350,reacted,14530,0.87,0.0050,0x5ba439146939fde9255bd59e916d5551ac51db30da502f60c74c29088f980d79,0xdc51737d1ad231184aaa6ae6cff2546dd04f6c5c4d80e329292b401e1d39160a,1781563800
1781563994331,up,66211.97,66225.56,13.59,0.9050,0.0950,timeout,,,,0x5ba439146939fde9255bd59e916d5551ac51db30da502f60c74c29088f980d79,0xdc51737d1ad231184aaa6ae6cff2546dd04f6c5c4d80e329292b401e1d39160a,1781563800
1781564037561,down,66206.2,66193.37,-12.83,0.8650,0.1350,reacted,53,0.50,-0.3650,0x5ba439146939fde9255bd59e916d5551ac51db30da502f60c74c29088f980d79,0xdc51737d1ad231184aaa6ae6cff2546dd04f6c5c4d80e329292b401e1d39160a,1781563800
1781564042578,down,66203.97,66173.81,-30.16,0.6350,0.3650,reacted,6,0.50,-0.1350,0x5ba439146939fde9255bd59e916d5551ac51db30da502f60c74c29088f980d79,0xdc51737d1ad231184aaa6ae6cff2546dd04f6c5c4d80e329292b401e1d39160a,1781563800
1781564049858,up,66170.00,66181.6050,11.6050,0.7250,0.2750,reacted,118,0.73,0.0050,0x5ba439146939fde9255bd59e916d5551ac51db30da502f60c74c29088f980d79,0xdc51737d1ad231184aaa6ae6cff2546dd04f6c5c4d80e329292b401e1d39160a,1781563800
1781564024768,up,66201.04,66211.68,10.64,0.8850,0.1150,timeout,,,,0x5ba439146939fde9255bd59e916d5551ac51db30da502f60c74c29088f980d79,0xdc51737d1ad231184aaa6ae6cff2546dd04f6c5c4d80e329292b401e1d39160a,1781563800
1781564056063,up,66188.6750,66200.25,11.5750,0.8050,0.1950,reacted,1775,0.81,0.0050,0x5ba439146939fde9255bd59e916d5551ac51db30da502f60c74c29088f980d79,0xdc51737d1ad231184aaa6ae6cff2546dd04f6c5c4d80e329292b401e1d39160a,1781563800
1781564080834,down,66196.9,66179.58,-17.32,0.7850,0.2150,reacted,127,0.50,-0.2850,0x5ba439146939fde9255bd59e916d5551ac51db30da502f60c74c29088f980d79,0xdc51737d1ad231184aaa6ae6cff2546dd04f6c5c4d80e329292b401e1d39160a,1781563800
1781564101800,down,66178.8650,66160.2,-18.6650,0.50,0.50,reacted,11,0.4950,-0.0050,0xa45abac12e4e3fbf164fa04fee586620c9b0eec2b990975834ba71ef686cc97b,0xc6850e07b85fdb8456783f227a1a4fed79b00273bdbb974308fcbd0c396ebfa1,1781564100
1781564106826,up,66159.8,66173.30,13.50,0.4750,0.5250,reacted,82,0.50,0.0250,0xa45abac12e4e3fbf164fa04fee586620c9b0eec2b990975834ba71ef686cc97b,0xc6850e07b85fdb8456783f227a1a4fed79b00273bdbb974308fcbd0c396ebfa1,1781564100
1781564115421,up,66176.01,66188.55,12.54,0.5150,0.4850,reacted,207,0.52,0.0050,0xa45abac12e4e3fbf164fa04fee586620c9b0eec2b990975834ba71ef686cc97b,0xc6850e07b85fdb8456783f227a1a4fed79b00273bdbb974308fcbd0c396ebfa1,1781564100
1781564120552,down,66190,66177.47,-12.53,0.5150,0.4850,reacted,21,0.50,-0.0150,0xa45abac12e4e3fbf164fa04fee586620c9b0eec2b990975834ba71ef686cc97b,0xc6850e07b85fdb8456783f227a1a4fed79b00273bdbb974308fcbd0c396ebfa1,1781564100
1781564131854,up,66166.4,66179.0750,12.6750,0.5250,0.4750,reacted,331,0.5350,0.0100,0xa45abac12e4e3fbf164fa04fee586620c9b0eec2b990975834ba71ef686cc97b,0xc6850e07b85fdb8456783f227a1a4fed79b00273bdbb974308fcbd0c396ebfa1,1781564100
1781564126841,down,66178.47,66166.39,-12.08,0.4650,0.5350,timeout,,,,0xa45abac12e4e3fbf164fa04fee586620c9b0eec2b990975834ba71ef686cc97b,0xc6850e07b85fdb8456783f227a1a4fed79b00273bdbb974308fcbd0c396ebfa1,1781564100
1781564170464,down,66185.03,66170.28,-14.75,0.4650,0.5350,reacted,3105,0.4550,-0.0100,0xa45abac12e4e3fbf164fa04fee586620c9b0eec2b990975834ba71ef686cc97b,0xc6850e07b85fdb8456783f227a1a4fed79b00273bdbb974308fcbd0c396ebfa1,1781564100
1781564202758,up,66167.1450,66177.75,10.6050,0.4950,0.5050,reacted,426,0.50,0.0050,0xa45abac12e4e3fbf164fa04fee586620c9b0eec2b990975834ba71ef686cc97b,0xc6850e07b85fdb8456783f227a1a4fed79b00273bdbb974308fcbd0c396ebfa1,1781564100
1781564222527,down,66184.08,66166.2150,-17.8650,0.4250,0.5750,reacted,242,0.41,-0.0150,0xa45abac12e4e3fbf164fa04fee586620c9b0eec2b990975834ba71ef686cc97b,0xc6850e07b85fdb8456783f227a1a4fed79b00273bdbb974308fcbd0c396ebfa1,1781564100
1781564233056,up,66166.72,66177.5250,10.8050,0.4050,0.5950,reacted,15,0.50,0.0950,0xa45abac12e4e3fbf164fa04fee586620c9b0eec2b990975834ba71ef686cc97b,0xc6850e07b85fdb8456783f227a1a4fed79b00273bdbb974308fcbd0c396ebfa1,1781564100
1781564238811,up,66166.72,66179.6,12.88,0.5150,0.4850,reacted,1146,0.52,0.0050,0xa45abac12e4e3fbf164fa04fee586620c9b0eec2b990975834ba71ef686cc97b,0xc6850e07b85fdb8456783f227a1a4fed79b00273bdbb974308fcbd0c396ebfa1,1781564100
1781564258828,down,66180.8450,66170.5,-10.3450,0.50,0.50,reacted,57,0.3650,-0.1350,0xa45abac12e4e3fbf164fa04fee586620c9b0eec2b990975834ba71ef686cc97b,0xc6850e07b85fdb8456783f227a1a4fed79b00273bdbb974308fcbd0c396ebfa1,1781564100
1781564264449,down,66163.2,66150.75,-12.45,0.2950,0.7050,reacted,1032,0.29,-0.0050,0xa45abac12e4e3fbf164fa04fee586620c9b0eec2b990975834ba71ef686cc97b,0xc6850e07b85fdb8456783f227a1a4fed79b00273bdbb974308fcbd0c396ebfa1,1781564100
1781564269952,up,66143.63,66158,14.37,0.3250,0.6750,reacted,56,0.50,0.1750,0xa45abac12e4e3fbf164fa04fee586620c9b0eec2b990975834ba71ef686cc97b,0xc6850e07b85fdb8456783f227a1a4fed79b00273bdbb974308fcbd0c396ebfa1,1781564100
1781564275081,up,66158,66169.04,11.04,0.4450,0.5550,reacted,302,0.50,0.0550,0xa45abac12e4e3fbf164fa04fee586620c9b0eec2b990975834ba71ef686cc97b,0xc6850e07b85fdb8456783f227a1a4fed79b00273bdbb974308fcbd0c396ebfa1,1781564100
1781564286301,up,66171.7,66185.05,13.35,0.5050,0.4950,reacted,7373,0.51,0.0050,0xa45abac12e4e3fbf164fa04fee586620c9b0eec2b990975834ba71ef686cc97b,0xc6850e07b85fdb8456783f227a1a4fed79b00273bdbb974308fcbd0c396ebfa1,1781564100
1781564297078,up,66179.57,66191.71,12.14,0.5150,0.4850,reacted,639,0.54,0.0250,0xa45abac12e4e3fbf164fa04fee586620c9b0eec2b990975834ba71ef686cc97b,0xc6850e07b85fdb8456783f227a1a4fed79b00273bdbb974308fcbd0c396ebfa1,1781564100
1781564302560,down,66219.36,66201.49,-17.87,0.6350,0.3650,reacted,173,0.50,-0.1350,0xa45abac12e4e3fbf164fa04fee586620c9b0eec2b990975834ba71ef686cc97b,0xc6850e07b85fdb8456783f227a1a4fed79b00273bdbb974308fcbd0c396ebfa1,1781564100
1781564314330,down,66199.94,66188.8350,-11.1050,0.5950,0.4050,reacted,7,0.50,-0.0950,0xa45abac12e4e3fbf164fa04fee586620c9b0eec2b990975834ba71ef686cc97b,0xc6850e07b85fdb8456783f227a1a4fed79b00273bdbb974308fcbd0c396ebfa1,1781564100
1781564333826,down,66186.13,66174.4950,-11.6350,0.4050,0.5950,reacted,1135,0.3950,-0.0100,0xa45abac12e4e3fbf164fa04fee586620c9b0eec2b990975834ba71ef686cc97b,0xc6850e07b85fdb8456783f227a1a4fed79b00273bdbb974308fcbd0c396ebfa1,1781564100
1781564346448,down,66186.46,66175.56,-10.90,0.4150,0.5850,reacted,1163,0.41,-0.0050,0xa45abac12e4e3fbf164fa04fee586620c9b0eec2b990975834ba71ef686cc97b,0xc6850e07b85fdb8456783f227a1a4fed79b00273bdbb974308fcbd0c396ebfa1,1781564100
1781564339110,up,66174.4950,66185.4,10.9050,0.5950,0.4050,timeout,,,,0xa45abac12e4e3fbf164fa04fee586620c9b0eec2b990975834ba71ef686cc97b,0xc6850e07b85fdb8456783f227a1a4fed79b00273bdbb974308fcbd0c396ebfa1,1781564100
1781564412846,down,66177.7750,66167.76,-10.0150,0.58,0.42,reacted,0,0.5750,-0.0050,0xc9081663ab1a0a8ed6f579edcc7ac8f5c3220e3aec5dca9d7c7c9948ca0b938,0x9c0791beed742561521320fb81f64c11ee923b91ac20b6959da0fb5b4aee5e77,1781564400
1781564424151,up,66164.81,66175.94,11.13,0.5750,0.4250,reacted,524,0.58,0.0050,0xc9081663ab1a0a8ed6f579edcc7ac8f5c3220e3aec5dca9d7c7c9948ca0b938,0x9c0791beed742561521320fb81f64c11ee923b91ac20b6959da0fb5b4aee5e77,1781564400
1781564407838,up,66165,66177.7650,12.7650,0.6150,0.3850,reacted,16958,0.6250,0.0100,0xc9081663ab1a0a8ed6f579edcc7ac8f5c3220e3aec5dca9d7c7c9948ca0b938,0x9c0791beed742561521320fb81f64c11ee923b91ac20b6959da0fb5b4aee5e77,1781564400
1781564444082,down,66180.4450,66168.16,-12.2850,0.5350,0.4650,reacted,257,0.50,-0.0350,0xc9081663ab1a0a8ed6f579edcc7ac8f5c3220e3aec5dca9d7c7c9948ca0b938,0x9c0791beed742561521320fb81f64c11ee923b91ac20b6959da0fb5b4aee5e77,1781564400
1781564451331,down,66169.54,66156.89,-12.65,0.5250,0.4750,reacted,83,0.50,-0.0250,0xc9081663ab1a0a8ed6f579edcc7ac8f5c3220e3aec5dca9d7c7c9948ca0b938,0x9c0791beed742561521320fb81f64c11ee923b91ac20b6959da0fb5b4aee5e77,1781564400
1781564456349,up,66156.88,66170.6350,13.7550,0.5850,0.4150,reacted,1554,0.59,0.0050,0xc9081663ab1a0a8ed6f579edcc7ac8f5c3220e3aec5dca9d7c7c9948ca0b938,0x9c0791beed742561521320fb81f64c11ee923b91ac20b6959da0fb5b4aee5e77,1781564400
1781564429249,up,66175.0450,66187.99,12.9450,0.6650,0.3350,timeout,,,,0xc9081663ab1a0a8ed6f579edcc7ac8f5c3220e3aec5dca9d7c7c9948ca0b938,0x9c0791beed742561521320fb81f64c11ee923b91ac20b6959da0fb5b4aee5e77,1781564400
1781564471363,down,66174.21,66162.98,-11.23,0.4850,0.5150,reacted,4512,0.48,-0.0050,0xc9081663ab1a0a8ed6f579edcc7ac8f5c3220e3aec5dca9d7c7c9948ca0b938,0x9c0791beed742561521320fb81f64c11ee923b91ac20b6959da0fb5b4aee5e77,1781564400
1781564492263,down,66159.8050,66145.98,-13.8250,0.4150,0.5850,reacted,2074,0.41,-0.0050,0xc9081663ab1a0a8ed6f579edcc7ac8f5c3220e3aec5dca9d7c7c9948ca0b938,0x9c0791beed742561521320fb81f64c11ee923b91ac20b6959da0fb5b4aee5e77,1781564400
1781564499870,down,66152.18,66141.31,-10.87,0.3650,0.6350,reacted,6682,0.3550,-0.0100,0xc9081663ab1a0a8ed6f579edcc7ac8f5c3220e3aec5dca9d7c7c9948ca0b938,0x9c0791beed742561521320fb81f64c11ee923b91ac20b6959da0fb5b4aee5e77,1781564400
1781564521926,up,66146.0850,66156.88,10.7950,0.4450,0.5550,reacted,0,0.4550,0.0100,0xc9081663ab1a0a8ed6f579edcc7ac8f5c3220e3aec5dca9d7c7c9948ca0b938,0x9c0791beed742561521320fb81f64c11ee923b91ac20b6959da0fb5b4aee5e77,1781564400
1781564528001,up,66160.34,66170.49,10.15,0.5950,0.4050,reacted,2073,0.60,0.0050,0xc9081663ab1a0a8ed6f579edcc7ac8f5c3220e3aec5dca9d7c7c9948ca0b938,0x9c0791beed742561521320fb81f64c11ee923b91ac20b6959da0fb5b4aee5e77,1781564400
1781564542361,down,66192.02,66181.7,-10.32,0.6650,0.3350,reacted,122,0.50,-0.1650,0xc9081663ab1a0a8ed6f579edcc7ac8f5c3220e3aec5dca9d7c7c9948ca0b938,0x9c0791beed742561521320fb81f64c11ee923b91ac20b6959da0fb5b4aee5e77,1781564400
1781564552830,down,66191.15,66177.68,-13.47,0.6350,0.3650,reacted,163,0.50,-0.1350,0xc9081663ab1a0a8ed6f579edcc7ac8f5c3220e3aec5dca9d7c7c9948ca0b938,0x9c0791beed742561521320fb81f64c11ee923b91ac20b6959da0fb5b4aee5e77,1781564400
1781564570709,down,66169.24,66159,-10.24,0.4650,0.5350,reacted,1212,0.46,-0.0050,0xc9081663ab1a0a8ed6f579edcc7ac8f5c3220e3aec5dca9d7c7c9948ca0b938,0x9c0791beed742561521320fb81f64c11ee923b91ac20b6959da0fb5b4aee5e77,1781564400
1781564588799,up,66153.74,66163.99,10.25,0.5050,0.4950,timeout,,,,0xc9081663ab1a0a8ed6f579edcc7ac8f5c3220e3aec5dca9d7c7c9948ca0b938,0x9c0791beed742561521320fb81f64c11ee923b91ac20b6959da0fb5b4aee5e77,1781564400
1781564596083,down,66160.4450,66144.2050,-16.2400,0.2850,0.7150,timeout,,,,0xc9081663ab1a0a8ed6f579edcc7ac8f5c3220e3aec5dca9d7c7c9948ca0b938,0x9c0791beed742561521320fb81f64c11ee923b91ac20b6959da0fb5b4aee5e77,1781564400
1781564621989,down,66153.32,66142.24,-11.08,0.3050,0.6950,reacted,4931,0.29,-0.0150,0xc9081663ab1a0a8ed6f579edcc7ac8f5c3220e3aec5dca9d7c7c9948ca0b938,0x9c0791beed742561521320fb81f64c11ee923b91ac20b6959da0fb5b4aee5e77,1781564400
1781564646051,up,66148.1950,66160.14950,11.95450,0.4450,0.5550,reacted,2,0.50,0.0550,0xc9081663ab1a0a8ed6f579edcc7ac8f5c3220e3aec5dca9d7c7c9948ca0b938,0x9c0791beed742561521320fb81f64c11ee923b91ac20b6959da0fb5b4aee5e77,1781564400
1781564656331,down,66158.31,66147.7,-10.61,0.2650,0.7350,reacted,916,0.26,-0.0050,0xc9081663ab1a0a8ed6f579edcc7ac8f5c3220e3aec5dca9d7c7c9948ca0b938,0x9c0791beed742561521320fb81f64c11ee923b91ac20b6959da0fb5b4aee5e77,1781564400
1781564631130,down,66151.78,66140.5650,-11.2150,0.2350,0.7650,timeout,,,,0xc9081663ab1a0a8ed6f579edcc7ac8f5c3220e3aec5dca9d7c7c9948ca0b938,0x9c0791beed742561521320fb81f64c11ee923b91ac20b6959da0fb5b4aee5e77,1781564400
1781564670856,up,66152.2,66166.9750,14.7750,0.4950,0.5050,reacted,32,0.50,0.0050,0xc9081663ab1a0a8ed6f579edcc7ac8f5c3220e3aec5dca9d7c7c9948ca0b938,0x9c0791beed742561521320fb81f64c11ee923b91ac20b6959da0fb5b4aee5e77,1781564400
1781564677934,up,66169.01,66179.45,10.44,0.8750,0.1250,reacted,887,0.88,0.0050,0xc9081663ab1a0a8ed6f579edcc7ac8f5c3220e3aec5dca9d7c7c9948ca0b938,0x9c0791beed742561521320fb81f64c11ee923b91ac20b6959da0fb5b4aee5e77,1781564400
1781564691759,down,66180.71,66165.43,-15.28,0.8250,0.1750,reacted,146,0.50,-0.3250,0xc9081663ab1a0a8ed6f579edcc7ac8f5c3220e3aec5dca9d7c7c9948ca0b938,0x9c0791beed742561521320fb81f64c11ee923b91ac20b6959da0fb5b4aee5e77,1781564400
1781564701325,up,66164,66174.32,10.32,0.54,0.46,reacted,98,0.5450,0.0050,0x337fa2a7e8d3a48cf905ffbb6d14418fcb65798654e07558b75d83b9b09a1ccb,0x11bba437bcee2458df1359572792a2df0a2ed25f876c5c14750a7433d1dad373,1781564700
1781564712134,up,66163.2,66188.5,25.3,0.5750,0.4250,reacted,484,0.58,0.0050,0x337fa2a7e8d3a48cf905ffbb6d14418fcb65798654e07558b75d83b9b09a1ccb,0x11bba437bcee2458df1359572792a2df0a2ed25f876c5c14750a7433d1dad373,1781564700
1781564722457,up,66195.40,66208,12.60,0.6450,0.3550,reacted,180,0.6650,0.0200,0x337fa2a7e8d3a48cf905ffbb6d14418fcb65798654e07558b75d83b9b09a1ccb,0x11bba437bcee2458df1359572792a2df0a2ed25f876c5c14750a7433d1dad373,1781564700
1781564732330,up,66208,66218.9,10.9,0.7950,0.2050,reacted,221,0.8050,0.0100,0x337fa2a7e8d3a48cf905ffbb6d14418fcb65798654e07558b75d83b9b09a1ccb,0x11bba437bcee2458df1359572792a2df0a2ed25f876c5c14750a7433d1dad373,1781564700
1781564707090,down,66174.33,66163.2,-11.13,0.4650,0.5350,timeout,,,,0x337fa2a7e8d3a48cf905ffbb6d14418fcb65798654e07558b75d83b9b09a1ccb,0x11bba437bcee2458df1359572792a2df0a2ed25f876c5c14750a7433d1dad373,1781564700
1781564739657,up,66218.9,66232.0450,13.1450,0.8250,0.1750,reacted,314,0.83,0.0050,0x337fa2a7e8d3a48cf905ffbb6d14418fcb65798654e07558b75d83b9b09a1ccb,0x11bba437bcee2458df1359572792a2df0a2ed25f876c5c14750a7433d1dad373,1781564700
1781564746351,down,66227,66215,-12,0.7850,0.2150,reacted,79,0.50,-0.2850,0x337fa2a7e8d3a48cf905ffbb6d14418fcb65798654e07558b75d83b9b09a1ccb,0x11bba437bcee2458df1359572792a2df0a2ed25f876c5c14750a7433d1dad373,1781564700
1781564755043,up,66209.28,66220.14,10.86,0.7750,0.2250,reacted,1312,0.7850,0.0100,0x337fa2a7e8d3a48cf905ffbb6d14418fcb65798654e07558b75d83b9b09a1ccb,0x11bba437bcee2458df1359572792a2df0a2ed25f876c5c14750a7433d1dad373,1781564700
1781564765900,down,66237.98,66226.7,-11.28,0.8050,0.1950,reacted,105,0.50,-0.3050,0x337fa2a7e8d3a48cf905ffbb6d14418fcb65798654e07558b75d83b9b09a1ccb,0x11bba437bcee2458df1359572792a2df0a2ed25f876c5c14750a7433d1dad373,1781564700
1781564772213,up,66226.7,66242.2750,15.5750,0.7850,0.2150,reacted,282,0.79,0.0050,0x337fa2a7e8d3a48cf905ffbb6d14418fcb65798654e07558b75d83b9b09a1ccb,0x11bba437bcee2458df1359572792a2df0a2ed25f876c5c14750a7433d1dad373,1781564700
1781564760052,up,66220.2850,66235.2,14.9150,0.8450,0.1550,reacted,12936,0.85,0.0050,0x337fa2a7e8d3a48cf905ffbb6d14418fcb65798654e07558b75d83b9b09a1ccb,0x11bba437bcee2458df1359572792a2df0a2ed25f876c5c14750a7433d1dad373,1781564700
1781564786042,down,66241.41,66231.1750,-10.2350,0.8150,0.1850,reacted,45,0.50,-0.3150,0x337fa2a7e8d3a48cf905ffbb6d14418fcb65798654e07558b75d83b9b09a1ccb,0x11bba437bcee2458df1359572792a2df0a2ed25f876c5c14750a7433d1dad373,1781564700
1781564777325,up,66223.4750,66234.37,10.8950,0.8350,0.1650,reacted,13378,0.84,0.0050,0x337fa2a7e8d3a48cf905ffbb6d14418fcb65798654e07558b75d83b9b09a1ccb,0x11bba437bcee2458df1359572792a2df0a2ed25f876c5c14750a7433d1dad373,1781564700
1781564824979,down,66238.9,66219.5,-19.4,0.8050,0.1950,reacted,87,0.50,-0.3050,0x337fa2a7e8d3a48cf905ffbb6d14418fcb65798654e07558b75d83b9b09a1ccb,0x11bba437bcee2458df1359572792a2df0a2ed25f876c5c14750a7433d1dad373,1781564700
1781564830056,down,66219.5,66192,-27.5,0.5750,0.4250,reacted,0,0.50,-0.0750,0x337fa2a7e8d3a48cf905ffbb6d14418fcb65798654e07558b75d83b9b09a1ccb,0x11bba437bcee2458df1359572792a2df0a2ed25f876c5c14750a7433d1dad373,1781564700
1781564802652,up,66234.8,66246.02,11.22,0.9050,0.0950,timeout,,,,0x337fa2a7e8d3a48cf905ffbb6d14418fcb65798654e07558b75d83b9b09a1ccb,0x11bba437bcee2458df1359572792a2df0a2ed25f876c5c14750a7433d1dad373,1781564700
1781564835077,down,66192,66173.350,-18.650,0.5350,0.4650,reacted,179,0.50,-0.0350,0x337fa2a7e8d3a48cf905ffbb6d14418fcb65798654e07558b75d83b9b09a1ccb,0x11bba437bcee2458df1359572792a2df0a2ed25f876c5c14750a7433d1dad373,1781564700
1781564849459,down,66175.3050,66161.42,-13.8850,0.4350,0.5650,reacted,636,0.43,-0.0050,0x337fa2a7e8d3a48cf905ffbb6d14418fcb65798654e07558b75d83b9b09a1ccb,0x11bba437bcee2458df1359572792a2df0a2ed25f876c5c14750a7433d1dad373,1781564700
1781564855046,up,66155.09,66169.3750,14.2850,0.4750,0.5250,reacted,47,0.50,0.0250,0x337fa2a7e8d3a48cf905ffbb6d14418fcb65798654e07558b75d83b9b09a1ccb,0x11bba437bcee2458df1359572792a2df0a2ed25f876c5c14750a7433d1dad373,1781564700
1781564867450,up,66167.0250,66177.0450,10.0200,0.5250,0.4750,reacted,1791,0.6650,0.1400,0x337fa2a7e8d3a48cf905ffbb6d14418fcb65798654e07558b75d83b9b09a1ccb,0x11bba437bcee2458df1359572792a2df0a2ed25f876c5c14750a7433d1dad373,1781564700
1781564872805,up,66174.52,66188.06,13.54,0.6550,0.3450,reacted,4029,0.66,0.0050,0x337fa2a7e8d3a48cf905ffbb6d14418fcb65798654e07558b75d83b9b09a1ccb,0x11bba437bcee2458df1359572792a2df0a2ed25f876c5c14750a7433d1dad373,1781564700
1781564883452,down,66186.77,66176.1950,-10.5750,0.6250,0.3750,reacted,41,0.50,-0.1250,0x337fa2a7e8d3a48cf905ffbb6d14418fcb65798654e07558b75d83b9b09a1ccb,0x11bba437bcee2458df1359572792a2df0a2ed25f876c5c14750a7433d1dad373,1781564700
1781564903763,down,66196.93,66184.77,-12.16,0.6850,0.3150,reacted,257,0.50,-0.1850,0x337fa2a7e8d3a48cf905ffbb6d14418fcb65798654e07558b75d83b9b09a1ccb,0x11bba437bcee2458df1359572792a2df0a2ed25f876c5c14750a7433d1dad373,1781564700
1781564913301,up,66182.34,66197.74,15.40,0.7650,0.2350,reacted,174,0.7750,0.0100,0x337fa2a7e8d3a48cf905ffbb6d14418fcb65798654e07558b75d83b9b09a1ccb,0x11bba437bcee2458df1359572792a2df0a2ed25f876c5c14750a7433d1dad373,1781564700
1781564897080,up,66179.1850,66196.9,17.7150,0.8050,0.1950,reacted,16492,0.83,0.0250,0x337fa2a7e8d3a48cf905ffbb6d14418fcb65798654e07558b75d83b9b09a1ccb,0x11bba437bcee2458df1359572792a2df0a2ed25f876c5c14750a7433d1dad373,1781564700
1781565008867,up,66209.82,66220.44,10.62,0.50,0.44,reacted,1,0.56,0.06,0xd1dc704763eb7cfd7e8cc878c6c08e83358f6f7ef6e8f1ad861a43410552c1db,0x23ef72d4b3f295f91c5a2f38f3bd5e09d3007903f885598d757df78b46561613,1781565000
1781565032328,down,66227.1,66215.08,-12.02,0.5350,0.4650,reacted,162,0.50,-0.0350,0xd1dc704763eb7cfd7e8cc878c6c08e83358f6f7ef6e8f1ad861a43410552c1db,0x23ef72d4b3f295f91c5a2f38f3bd5e09d3007903f885598d757df78b46561613,1781565000
1781565070066,up,66208.33,66218.79,10.46,0.6050,0.3950,reacted,485,0.61,0.0050,0xd1dc704763eb7cfd7e8cc878c6c08e83358f6f7ef6e8f1ad861a43410552c1db,0x23ef72d4b3f295f91c5a2f38f3bd5e09d3007903f885598d757df78b46561613,1781565000
1781565077352,up,66222.3,66233.04,10.74,0.7550,0.2450,reacted,44,0.76,0.0050,0xd1dc704763eb7cfd7e8cc878c6c08e83358f6f7ef6e8f1ad861a43410552c1db,0x23ef72d4b3f295f91c5a2f38f3bd5e09d3007903f885598d757df78b46561613,1781565000
1781565084332,down,66246.02,66234.06,-11.96,0.6950,0.3050,reacted,46,0.50,-0.1950,0xd1dc704763eb7cfd7e8cc878c6c08e83358f6f7ef6e8f1ad861a43410552c1db,0x23ef72d4b3f295f91c5a2f38f3bd5e09d3007903f885598d757df78b46561613,1781565000
1781565063581,down,66223.97,66213.77,-10.20,0.4950,0.5050,timeout,,,,0xd1dc704763eb7cfd7e8cc878c6c08e83358f6f7ef6e8f1ad861a43410552c1db,0x23ef72d4b3f295f91c5a2f38f3bd5e09d3007903f885598d757df78b46561613,1781565000
1781565120452,down,66241.56,66231.0450,-10.5150,0.6950,0.3050,reacted,83,0.50,-0.1950,0xd1dc704763eb7cfd7e8cc878c6c08e83358f6f7ef6e8f1ad861a43410552c1db,0x23ef72d4b3f295f91c5a2f38f3bd5e09d3007903f885598d757df78b46561613,1781565000
1781565143556,up,66222.23,66234.32,12.09,0.7450,0.2550,reacted,2088,0.7550,0.0100,0xd1dc704763eb7cfd7e8cc878c6c08e83358f6f7ef6e8f1ad861a43410552c1db,0x23ef72d4b3f295f91c5a2f38f3bd5e09d3007903f885598d757df78b46561613,1781565000
