window_start_ts,condition_id,side,entry_ask,entry_offset_s,swing_at_entry,entered_on_down_swing,target_pyth,final_pyth,resolved_side,resolved_source,won,pnl
1781909400,0xd41a6f13b362b94caa499ad684e5a75b9b01bc1203622078d6a3b1c283e80c71,NO,0.95,298,0.28,0,63304.14058902,63285.29000000,NO ,pyth,1,0.05
1781909700,0x648e970f877027caad7f2743dbee87df98dde444efb28d677bcac8af28e9313f,NO,0.95,272,0.04,0,63285.29000000,63256.94503007,NO ,pyth,1,0.05
1781910000,0xe26c2afc11e77f751024b8ccd0b75730289631d2e54303eb798a35f4b9aed56c,NO,0.95,286,0.43,0,63257.78000000,63235.25751502,NO ,pm,1,0.05
1781910300,0xf2dcbe81a3131fdf3b69acd99370bdea4701e1de7333483aa3f9ab636266af44,NO,0.95,298,0.23,0,63235.80114024,63228.11615864,NO ,pyth,1,0.05
1781910600,0xe1fd348110a1598979f8c63c397e4c6ce751631622ea67f68a65ce42221ec56e,YES,0.95,296,0.26,0,63228.11665807,63231.86280518,YES,pyth,1,0.05
1781910900,0xd616f5bdd02d4a267f00b4410c8f72f7c0861608088f625816f84230f67482da,YES,0.95,296,0.63,0,63231.25007766,63245.53257142,YES,pyth,1,0.05
1781911200,0x9758176a28f8dd7d8af2b8c96549b4065be576280d91f9ce9e24fa7fd288f51e,YES,0.95,293,0.02,0,63247.64272219,63255.23854888,YES,pm,1,0.05
1781911500,0x42778ca4f5db72b383c7d50714026e084c16d17febc3b99f0a34d446d1b18ff4,YES,0.95,296,0.27,0,63256.59176411,63260.50030621,YES,pyth,1,0.05
1781911800,0xdc20c2f1fbfec1427b3d9b504c82a93209bfc04f0e9b245a17f36f21a2e8f50c,YES,0.98,240,0.02,0,63261.49775971,63274.81773940,YES,pm,1,0.02
1781912100,0x8a038933880f68ad8f6c54e423979cbb35b0eab166e3201b0033a5c091b85cbd,YES,0.95,297,0.39,0,63272.98316305,63274.50872153,YES,pyth,1,0.05
1781912700,0xffc418c1bb218ea36d8199fd54d2f344bfb90e5b1c087d31744a2b3e4782e8eb,NO,0.96,299,0.42,0,63273.24445427,63271.86114615,NO ,pm,1,0.04
1781913000,0xcac55514034a237ea269eb1afd9d1ae35f5d79b858906963aefa6b6c4d5103e9,NO,0.95,294,0.75,0,63267.70876381,63289.41818696,YES,pyth,0,-0.95
1781913600,0x681306be4a73bc2c6ccde147bc6e3b327afeaa191505140fd4b6602e6e165887,NO,0.95,294,0.37,0,63482.81345024,63462.43500000,NO ,pm,1,0.05
1781913900,0xbe9558451ed89b4b2ecbea3e5494bde275bb197d1c33b5a30381c8d2c3776318,YES,0.96,254,0.17,0,63453.66500001,63454.25303050,YES,pyth,1,0.04
1781914200,0xf454c6045a3088c9572cdd92d1950be5126cfd596a28c48c5c7ac8b86f894964,YES,0.95,295,0.13,0,63453.10610385,63464.10496132,YES,pyth,1,0.05
1781914500,0xf648e879d1cf57fe7bab90ecc77001579b206d44e2ca29e9a8d75e117a21610a,NO,0.95,284,0.05,0,63463.88462132,63439.49110317,NO ,pm,1,0.05
1781914800,0x9b89a030948f2e4a9e6d149529e3478560e8f6b161c95027d11b73c1ca7b82d4,YES,0.95,294,0.50,0,63439.98161833,63466.77096905,YES,pm,1,0.05
1781915100,0xe0f268f591f7f753f9b049c33ae429b9b768a25f84429c3bf5e74435f6bcd269,YES,0.99,240,0.02,0,63469.79500000,63559.24157140,YES,pyth,1,0.01
1781915400,0x0266062c57120b128e76c33226954483867d561269c9cc38381c1e9750452d12,YES,0.97,240,0.08,0,63558.39316005,63713.49115802,YES,pm,1,0.03
1781916000,0x18c24e07918f0fe80ecdb2772c43df1bda4018b47857f7b2fabe5a0799475a06,YES,0.97,292,0.08,0,63522.69321044,63549.10459245,YES,pyth,1,0.03
1781916300,0xc4d464622d223ad2e2ef1fb091f0c9ac746d10f8ec6631e5809462b8dc535534,NO,0.99,240,0.00,0,63549.23855951,63539.55833217,NO ,pyth,1,0.01
1781916600,0xfcf6c4bdc7f2872b6c8c22dc7d6509dedaf0caddbd7cf7e1cda00d75f0a07c88,YES,0.99,296,0.77,0,63539.21312447,63548.83215980,YES,pm,1,0.01
1781916900,0x7a4ad708ddea67af356c689bd63f3d538dfd6c390ba96382ca54074f59ecdea4,NO,0.95,271,0.06,0,63549.37317756,63470.55566809,NO ,pyth,1,0.05
1781917200,0xb07a82a69725265e541045ea8e169dc716cf29724bdd1ef2fccd131d7193e5ff,NO,0.95,297,0.23,0,63472.17766783,63446.01832851,NO ,pyth,1,0.05
1781917500,0xf103c154c06ac2a8139e9301fd92c34ed57ad31376f1d58156d6d792706c7c58,NO,0.99,287,0.15,0,63445.35407894,63389.47535016,NO ,pyth,1,0.01
1781917800,0xd9d182e881bcd20c405cc12197f02ddc39de650ad88b4671fff1f09a34766ae2,YES,0.95,297,0.10,0,63390.30788350,63394.85749999,YES,pyth,1,0.05
1781918100,0x6da9beefae5a1e8e5431e58daf18a9133d8106a913bad142d7779ed67fd35e75,YES,0.95,281,0.26,0,63394.80000000,63423.38750000,YES,pyth,1,0.05
1781918400,0xc22de929af0707ab111ebb1282861c1052fd93f80a0e8668aea6876744c099eb,NO,0.95,296,0.14,0,63426.08248622,63393.10428071,NO ,pm,1,0.05
1781918700,0x795136a3f83ff69a4a736d1bfa59a87f1eef27fb5b4dffffacc0b0e25db8a5d1,YES,0.95,244,0.08,0,63393.22226410,63453.89479966,YES,pyth,1,0.05
1781919000,0xf8ff4f1c02fe14047c084b9bfc751da185fc287944ad1ec043282d297812cf77,YES,0.99,257,-0.007,1,63454.53611021,63529.59963041,YES,pm,1,0.01
1781919300,0x88a6d22656f0066778dadb1981579b91988de37407c40947375454623bb1591f,YES,0.99,289,0.05,0,63526.95174900,63547.03500001,YES,pyth,1,0.01
1781919600,0x4442ea7cfdbf5ec65943f78f303aa451725decf8c64939006a937f3932818e5f,NO,0.95,247,0.00,0,63547.03250000,63508.21489833,NO ,pyth,1,0.05
1781919900,0x16d711ff83b483701708e32f24edbd471c2d6132a9e479d1f223fd0bce40fea4,YES,0.95,296,0.28,0,63508.95908367,63521.59892166,YES,pm,1,0.05
1781920200,0x7677679499364587be975c5eb48f121ed9e987c02385dc96aac97980fbea56f7,YES,0.95,298,0.12,0,63526.00503003,63527.76500000,YES,pyth,1,0.05
1781920500,0x095be7333a69ccec9c74e88c23b4814eddad69f37b7a325930be66ce575a0156,NO,0.95,299,0.77,0,63527.44829890,63527.17499999,NO ,pyth,1,0.05
1781920800,0x1642b3e6b36940376e22f391206bcc64f584270f43c19e0ed6ebb49de11a9926,NO,0.96,240,0.01,0,63525.02873994,63466.60667972,NO ,pm,1,0.04
1781921100,0xbce06d23c8b7199787a2b8da73560707c135feb64415191738b87956d9c97611,NO,0.95,268,0.06,0,63467.30262410,63438.51765876,NO ,pyth,1,0.05
1781921400,0x67d110ff9d2d234048a68c61a85495244796a61a16080a1b6f50e4203c26c95b,NO,0.95,269,0.07,0,63438.51765876,63416.94079152,NO ,pyth,1,0.05
1781922000,0x300a96c7d5fc84e3eeaddef5017356d8aa2a45a8adf66efc360a00b8c58d9660,NO,0.95,257,0.05,0,63358.23393367,63345.98811898,NO ,pyth,1,0.05
1781922300,0x66b9dcd6368e86f933b05c3e6db3e214cd7b811dc735e2fe9bd1757fa88213c9,YES,0.96,304,0.71,0,63346.26778221,63348.42517476,YES,pyth,1,0.04
1781922600,0x94800e5aeddf255beb0e3d50edf54bac0522fdc717fe70c6b355ec4cb2d99684,YES,0.99,266,-0.01,1,63348.42517476,63420.01513509,YES,pm,1,0.01
1781922900,0x176997adf3a12b835466d58c971844106dca9f0a9f0b024a798ecb398bc4951b,NO,0.97,240,0.00,0,63419.68754424,63342.40000000,NO ,pyth,1,0.03
1781923200,0xebcf9ec74401eeb8cf41dbac224fb4a0e5488d05b38978ce9dff0fc2e0fd607e,YES,0.95,292,0.37,0,63342.75251501,63346.36941368,YES,pyth,1,0.05
1781923500,0x900b3570cee51737e3c8304f0a0adb71c77a0782da03800dde3e3d39db9b858b,NO,0.95,295,0.07,0,63346.36941368,63332.28500000,NO ,pyth,1,0.05
1781923800,0xf888ce99a3fb1077bb506d0c85fba3514f11815e4e15e12592704e566397f9ba,NO,0.97,259,0.12,0,63329.29000000,63322.17174255,NO ,pyth,1,0.03
1781924100,0xdf94f5d36e6af30b3bf0410da6e1039d541fd0081fbc5822331d2471b2ac15db,NO,0.95,250,0.06,0,63322.16791781,63280.90715585,NO ,pyth,1,0.05
1781924400,0xd063a453ca37bcc6abbb320e65ac104d23a85c2966d1d083c244ce4ce5a11321,YES,0.95,268,0.05,0,63280.88045135,63307.15546967,YES,pyth,1,0.05
1781924700,0x8a7b6a86563a32d55fedf1c24a1769b6083786878ce11d39bacf34c2e652cabc,NO,0.95,260,0.12,0,63307.64599995,63276.99370040,NO ,pyth,1,0.05
1781925000,0xa224bc45e543df0135104624de155171c9d39a43bbbcc7f1c942cea101b7eed1,YES,0.95,280,0.45,0,63276.99370040,63293.22317188,YES,pyth,1,0.05
1781925300,0x8f645b9a3808aedcb4448e5fa84c11175ff5c94f7dd7623976fbb715ec54e31c,YES,0.96,240,0.01,0,63294.09305158,63342.08136073,YES,pm,1,0.04
1781925600,0x85542b3898b2ccfb0805cc72d1f401f9132df2880244f4a52810f93126f48750,YES,0.95,278,0.32,0,63342.17445204,63389.39563155,YES,pyth,1,0.05
1781925900,0x92f199f31784c0b197961ad9677671fcfea4cca1239d8c1d6760d120adc45b56,NO,0.99,299,0.77,0,63390.66516777,63389.27110338,NO ,pyth,1,0.01
1781926200,0x2a7c727c7a8f8331cf4190d583977d46ee9c81f8720b12d36dd9676dd6baf011,NO,0.95,256,0.43,0,63387.59703109,63363.18271106,NO ,pyth,1,0.05
1781926500,0x0252bf245c13a11b7153475ff2e7a5da550622dc8b1096baa972ca91bb22ebfa,YES,0.98,240,0.20,0,63363.68575662,63425.47748139,YES,pm,1,0.02
1781926800,0x1a1a9da8cf28194efefa7a16be5b6648584564e8a2b29eed63cfadb9236d0cae,YES,0.95,282,0.57,0,63420.74751501,63431.00751502,YES,pyth,1,0.05
1781927100,0xdd28418bfb09deca462e1de648ff8c6d084cd29ab61a9f8f79e6d7713fc25db5,YES,0.95,297,0.18,0,63429.26856247,63432.00905468,YES,pm,1,0.05
1781927400,0x83b8d15e1a404294e2960ff034790d7a756aae3a9db689c3ddfaad57bbd4b508,NO,0.99,240,0.02,0,63438.88644315,63398.48483405,NO ,pyth,1,0.01
1781927700,0x630adb803083af699ecce11707fd6798949897a2a6209c0e073c47525f5de2cc,YES,0.95,271,0.25,0,63396.01331645,63418.63500000,YES,pyth,1,0.05
1781928000,0x379f57b05f8c55e20e82487d0fecfdaeb3195f64325fb6cddac2ac0b6881469a,NO,0.98,240,0.00,0,63415.86205229,63372.39503001,NO ,pm,1,0.02
1781928300,0x5fd736c13b9bfd213ac869d6f56fb2497c3e01758a3b2e5928bddd3a116245eb,NO,0.95,287,0.05,0,63372.67684470,63345.20499999,NO ,pyth,1,0.05
1781928600,0x70025bf63cd1650fd8a7569e6da3cdb171f76b643b5b1234e02698762b84d845,YES,0.95,297,0.54,0,63345.20500000,63359.88138510,YES,pyth,1,0.05
1781928900,0x26e48b0c46433e99736a440d7ecaccbfe8ad13b70388803f3a4fd8863f6608c8,YES,0.96,240,-0.02,1,63361.75878373,63436.49283286,YES,pm,1,0.04
1781929200,0x6634f5f699ec031719b7b73301d487ead6e1182162af753e203f2428da035af5,YES,0.95,291,0.68,0,63436.77549069,63447.29856895,YES,pyth,1,0.05
1781929500,0x87317a3af895c532adb692b613f91d5562677305831b5134464311eef9d90b25,YES,0.99,240,0.00,0,63447.50162077,63503.43396338,YES,pyth,1,0.01
1781929800,0xef775642e261e61bdaa5243a5b950673edb8d806ec4d08b769ae89918302299c,NO,0.99,245,0.00,0,63503.32880115,63469.07000000,NO ,pm,1,0.01
1781930100,0x7645a5a34b50f591600075af5568d4c3ef0d54fef252f5b97d3c3a2ac63b4163,YES,0.95,275,0.09,0,63469.07500000,63487.98375906,YES,pm,1,0.05
1781930400,0x83fb2549cf19902d73e87e62840fdde5dbc05f4023e381cd7c4a0ad08ef7e259,YES,0.99,240,0.00,0,63489.39551357,63544.86250000,YES,pyth,1,0.01
1781930700,0xe19b318466ea50b3951cfec7fb6f187521befcd19576cbf36efee5df9e445666,NO,0.99,249,0.04,0,63544.86499999,63523.56481985,NO ,pm,1,0.01
1781931000,0x62416c51f85521cf3c9bc6efee136fc2f03042dcd7313ab8192b54293df14895,NO,0.95,291,0.46,0,63523.56481985,63500.13000000,NO ,pm,1,0.05
1781931300,0x8ef4ed07cd9f2fe3f6285dcf4a5994c4ff03afc4354fb9ac91354826f88db828,YES,0.95,268,0.42,0,63500.62717000,63523.63756368,YES,pyth,1,0.05
1781931600,0x4ac7de1fdf403bdc31df02cadcaa858a7d1c13c279033f4fc0d1fba96049b7cf,NO,0.95,282,0.25,0,63523.94499999,63510.59101053,NO ,pm,1,0.05
1781932500,0xc05c3ac15eb575d48f5d167b69be1b765039039106a249616346906a81d5887f,NO,0.98,240,0.01,0,63755.23016143,63683.85514010,NO ,pyth,1,0.02
1781932800,0x162716af3ca5f435129ce7d532a5fc4f1865a25890a42d9aec19fcd3135f023a,NO,0.95,283,0.08,0,63683.44661123,63666.76750001,NO ,pm,1,0.05
1781933100,0x9091fa2b111fdee8837c232247bfe8720069645d5a99945e1151793f1535d827,NO,0.99,241,0.01,0,63667.08583384,63573.15977030,NO ,pyth,1,0.01
1781933400,0xfcc56a7bd4310182860ada8d86ee413aaf5f29f9aea9ca91746a970be8a4f5d0,YES,0.98,240,-0.02,1,63573.16912263,63601.09706644,YES,pyth,1,0.02
1781933700,0x3f2864dd4ca34bdbd3ae0bab4ef1b9987a98d823f3f2b1934b9146862c77a0a5,YES,0.95,271,0.04,0,63604.71477787,63622.57519720,YES,pyth,1,0.05
1781934000,0x2152fca88d558d6fa862e3601e2ee1cc4ed43f56e10ee99fa747291c95fb9bf1,NO,0.97,240,0.01,0,63621.97531343,63577.51192131,NO ,pyth,1,0.03
1781934300,0xb862d0f3c7c3a7033abe81632f7ed8ffd3dcccb244ebd01e4779076cb14d9a0c,NO,0.95,280,0.02,0,63577.21655534,63560.75617581,NO ,pyth,1,0.05
1781934600,0x1cde38cd2c1558fdc7399b4ec9e29dcb5f013e856594113accff0e7392d52067,YES,0.96,245,0.06,0,63560.92777815,63629.34158156,YES,pyth,1,0.04
1781934900,0x969918e67a88b756ffd0a1dc1fc0d6ae80d27943f4ecbeaa53899c67ab310bfd,NO,0.95,283,0.05,0,63625.84499999,63617.87998062,NO ,pyth,1,0.05
1781935200,0x630b95b83612b13e71d2f7886c4d282a27444de0e114bcf802d2b94d3c1f26ed,YES,0.95,293,0.18,0,63618.06244298,63627.90792061,YES,pm,1,0.05
1781935500,0x3541ac6f317c1f443b8f189befdf79289518b2b34265b35086a99a157e70d3c8,NO,0.95,255,0.24,0,63625.00503006,63590.94588101,NO ,pyth,1,0.05
1781935800,0xdc5079104f1cbc2ccc24ae84b0997968f9c60cb1821f8eff91209fabcbb3e9a8,YES,0.95,288,0.83,0,63591.03978587,63613.08000000,YES,pyth,1,0.05
1781936100,0xec36cd2c38fc82160e1e5da60334d506092a2fba48dc49fddeefb0df91d52d8a,NO,0.95,278,0.04,0,63618.74068981,63602.93505193,NO ,pyth,1,0.05
1781936400,0x0a5ef9fcf87e141755df7579edf0bbdc5e7eaf2f9450717bd6452a5cbedb2161,YES,0.98,240,0.00,0,63603.03199194,63650.47500000,YES,pyth,1,0.02
1781936700,0xf9e5c11f124cdd9263b28f996e2e2d24a1d780c665a93bac4b30185e215d1e6f,NO,0.95,273,0.06,0,63650.47500000,63634.83616236,NO ,pyth,1,0.05
1781937000,0xa37c2ecadec866658219a22f4b42789ee1ee061cc2afb1096d8b00e1f73ea99f,YES,0.95,292,0.06,0,63634.83902062,63638.20000000,YES,pm,1,0.05
1781937300,0x7e896a59dd811f2965c1cba114f2dd8ebb4182ed75143b1a6798ff1ba46a1f50,YES,0.98,240,0.01,0,63638.16560758,63671.03762439,YES,pyth,1,0.02
1781937600,0xc682bff2c3966e6e96931e9c86b64e390996b5b7675d49340a81f2b70a68d7f9,YES,0.95,259,0.12,0,63671.94503003,63690.80044677,YES,pyth,1,0.05
1781937900,0xd480b14147fa502f24c3d853a408269ffdb6222a8784b7c3d797a927ee66fcdc,NO,0.95,294,0.06,0,63690.54000000,63693.48503009,YES,pyth,0,-0.95
1781938200,0x68a00f3d1f7f41198e7735850d211093c802a6ba0487a1ed5c5be9947c6d471a,NO,0.95,251,0.02,0,63694.82499999,63674.10751501,NO ,pyth,1,0.05
1781938500,0x2c5e34b968c17631e74518890fafc2abd9966203bed0a3502621ed764adc427b,YES,0.95,299,0.59,0,63674.10251502,63682.50079347,YES,pyth,1,0.05
1781939100,0x506c45afe39e418b0cb20ac0bada2f870cc9a5568e5b8d99d1b6e812e24b16ef,NO,0.96,240,0.02,0,63593.81020063,63581.05315115,NO ,pyth,1,0.04
1781939400,0x0db22baa05010fc63105febfdce4260cdb52bc1516c1c1049706afac5556bf62,YES,0.95,263,0.04,0,63581.46217677,63601.42500000,YES,pyth,1,0.05
1781939700,0x614eb552fd166958155a0a4443f7d780f9929faa4ec2cf7c4f74660101a72330,YES,0.99,250,-0.01,1,63601.38819929,63688.53004767,YES,pm,1,0.01
1781940000,0x02087587bd663173bbaa9d13511f379bd7fc08a54a93712237d5badd97a40418,YES,0.95,249,0.13,0,63688.02503010,63718.14750000,YES,pyth,1,0.05
1781940300,0x319f7d52579c8aca6dc1f70ff59a0d0bb0aee94182937803bd4e242e84021567,YES,0.99,297,0.70,0,63718.12022387,63726.74503008,YES,pyth,1,0.01
1781940600,0x0db66162e364bee90ac8ff017221779a0fc659697af038260390141b60bb76d5,NO,0.97,240,0.01,0,63727.11000000,63667.04253767,NO ,pyth,1,0.03
1781940900,0xfc85a6c3013575b07ca888456d4990e5dbe8ebbb846387a887d4869c346faa93,YES,0.95,269,0.04,0,63666.91047981,63697.91881705,YES,pyth,1,0.05
1781941200,0x1e0d072963687d90f38c9c8b9853719b97d2ed0eac16cd93492cd9e91d3ca95f,NO,0.95,285,0.09,0,63697.91881704,63688.34709544,NO ,pyth,1,0.05
1781941500,0xc66976e3bd8d25cd54f342be6c86e35949aee594ba97b484b0b444a6d27a0775,NO,0.95,255,0.27,0,63688.30000000,63665.08722667,NO ,pyth,1,0.05
1781941800,0x2c9184efd740f1f7129035174827ff73bdcf3e95519c8d913e7d2a0493ed3052,NO,0.95,261,0.19,0,63664.94445335,63627.12265711,NO ,pyth,1,0.05
1781942100,0xc4f1ad79adf6eecb247d8a780ac9f30e65c37a2abb38da518c2de465c6758ab0,NO,0.95,253,0.12,0,63626.97698402,63590.46511048,NO ,pyth,1,0.05
1781942400,0xdf345c7449c9d0b73fedcd58631f0dd2d83dc05dbfab5ecbac3f836619dd5ba7,NO,0.982,264,-0.018,1,63591.10729330,63585.61526165,NO ,pyth,1,0.018
1781942700,0x6d58cf30d34bc3f90bd7243ed1be75bb48882d9ba0b4fd07f88c5a5d59aa699a,NO,0.99,240,0.00,0,63581.74250000,63491.13182187,NO ,pyth,1,0.01
1781943000,0x207fd63a5c719dff45ae15ccfc9bcfeeb6912089341a8d33927601677e521358,NO,0.95,293,0.30,0,63491.12158704,63482.76500000,NO ,pyth,1,0.05
1781943300,0x71830047967239c66655be4458b3d61d1f4677894cb43dc1829ec081e37a12a0,YES,0.95,300,0.30,0,63483.31325832,63495.18503004,YES,pm,1,0.05
1781943600,0xb5fe7bb4913a5853b52a34bf926796e4ce7e0d08bb9020f9270931eb3e0edaad,NO,0.96,240,0.00,0,63495.18503004,63457.02000000,NO ,pyth,1,0.04
1781943900,0x449025ea1b01cd2b86fc4d9ba594c1ad3a265070d23e0c91b0ace2ab53bb834f,NO,0.95,246,0.05,0,63457.01500001,63418.20081166,NO ,pyth,1,0.05
1781944200,0x208de6c16339535e5dcdedfac0c2fbaedca9f1efa0ca5f6fd3b8f9189937c087,YES,0.95,303,0.41,0,63417.76223696,63419.55250000,YES,pm,1,0.05
1781944500,0x5b2226d0c9a5dad85be78dba842d9929a9c816191664b7b41d65a4daa0729c67,NO,0.98,240,0.01,0,63419.55250000,63426.72500001,YES,pyth,0,-0.98
1781944800,0x47bea889e02e81ae50949ac50f02012d382d2285cb4791df530272376d925d85,NO,0.98,276,0.16,0,63426.72500001,63390.06503003,NO ,pyth,1,0.02
1781945100,0xfcb891f13333cc25708431101ffb9223aa1d1e1bf71b3d410bae03f30a79bf50,NO,0.95,271,0.20,0,63390.24804256,63371.66688856,NO ,pyth,1,0.05
1781945400,0x9bc241f1aece771cd99db5eb2cf59a6fce6a1e4e548d229c252401a381bf5dc3,NO,0.95,296,0.24,0,63369.44503008,63348.24540623,NO ,pyth,1,0.05
1781945700,0x8d28f48742c8e783445105dce12f64c1198cdbaeae7c0ef26eadc0418168da59,YES,0.95,294,0.33,0,63347.98503002,63357.92839442,YES,pyth,1,0.05
1781946000,0xf861dc9a1665d85c105c56c8293b39742cf3664d9592d03c0ee9c76acd92c70a,YES,0.99,240,0.00,0,63357.77000000,63399.16716578,YES,pm,1,0.01
1781946300,0x38986dbcf8360048b93b779fe39d912edf6b19192b68b2e8c4b155e6ecbd44a9,YES,0.95,253,0.08,0,63399.92494355,63411.19164081,YES,pyth,1,0.05
1781946900,0x4723d7b6dd02d1327a8889637032a6508d3d7d5038132fdce00d31d21807a53a,NO,0.97,295,0.19,0,63459.08750001,63457.71524113,NO ,pm,1,0.03
1781947200,0x623ded7e5a8f7da5556679dfaa485d9ca194342d4ab9daca879509227bc9883e,YES,0.95,260,0.08,0,63457.34513607,63519.31000000,YES,pyth,1,0.05
1781947800,0xf4a113aae75401762d2d726838dbba5b30d541c25d71eb52b132d77f2bedfd42,YES,0.95,242,0.19,0,63508.05503007,63552.08727418,YES,pyth,1,0.05
1781948100,0x2e71861cb322b96ba9b07970036b754a9f64da27aa3e9e1ec0df9f582e6a09e6,YES,0.96,240,-0.03,1,63552.08727418,63581.43000000,YES,pyth,1,0.04
1781948400,0x18a17999ef001b462cee27d47fb05f47c44a23d2a4e84d489301eda5e3978bf6,YES,0.99,240,0.02,0,63581.30283698,63639.18000000,YES,pyth,1,0.01
1781948700,0x6f8a07d034d3a4a31f4c51929f2742f333a2c61f2f59ba892d0de597675b7416,NO,0.99,240,0.00,0,63639.59433636,63592.78653089,NO ,pyth,1,0.01
1781949000,0xadde5af862ce377a3bbf75b8459a2689baf471db738cc238cc1e391e793fb480,YES,0.98,240,0.02,0,63592.96141128,63675.20480836,YES,pm,1,0.02
1781949300,0xfec6b2544828b2509533fb5080cdb4018856b6dbdf4ab828f4088e25894f9a5a,YES,0.95,271,0.05,0,63674.96017980,63673.01500000,NO ,pyth,0,-0.95
1781949600,0xe6c8d11cfd9ba9a2bbb2edeb66e142818c53a4a0768d93efc69f97fdb36ab88d,YES,0.97,302,0.52,0,63673.92018068,63680.33250000,YES,pm,1,0.03
1781949900,0xbf9231a813c47394368b36b9b3a8574b5d1275e96d39e9956a9706bffb1b50b3,NO,0.95,258,0.15,0,63678.67923892,63628.70269771,NO ,pyth,1,0.05
1781950200,0x955503ad6f24e3d32c5062d4d75c4163a89723be5fde31800c53b0d311554a77,NO,0.97,291,0.50,0,63628.61875000,63630.71691319,YES,pyth,0,-0.97
1781950500,0x8a2ee74b6acd94da3150b118792b57f1e169c5ffabc55c117b0d0f9de43b0fec,NO,0.97,301,0.38,0,63630.71503469,63622.77000000,NO ,pm,1,0.03
1781950800,0x388109615b1d448ec9ed58f886b155691e8c1cf65e7a8b22a1499deea86ca0be,NO,0.95,242,0.01,0,63622.76000000,63598.37000000,NO ,pyth,1,0.05
1781951100,0x2c7cc6f60000ef61709ea5ab39880c609d84c591255d0c0f57398131400c41f2,YES,0.95,284,0.03,0,63598.36750001,63614.42456743,YES,pyth,1,0.05
1781951400,0x6de9e6998a57ef18e7a62fb6881a5658db343ffc141155dbddbfc7426288bce5,NO,0.95,263,0.08,0,63614.46379507,63591.03902445,NO ,pm,1,0.05
1781951700,0x270240ed387f1226223d770ab78db22340500612c73763248c4f78564a9e02df,NO,0.95,240,-0.01,1,63589.52423519,63551.41000000,NO ,pyth,1,0.05
1781952000,0x3355828ce780696226d65da824c6adee46deb4e0173a6c1eaa3ffac2e5d9699b,NO,0.98,280,0.09,0,63551.41000000,63538.68500000,NO ,pyth,1,0.02
1781952300,0xe8750912eccdba373aa56518944615015d91dd053c6c724674d95baaaf3b1918,YES,0.95,240,0.01,0,63538.68500000,63598.02608217,YES,pyth,1,0.05
1781952900,0x16894fbd4f59c82ea0a09840004fcaf526d489d3eea6eb9efaf9ddb5ec14f072,YES,0.95,258,0.07,0,63595.56750000,63614.49589419,YES,pyth,1,0.05
1781953200,0x90a88679ac2b2bca61645c5dd7c0dab8a3f21c925203e3909383903386574879,NO,0.95,285,0.11,0,63614.49589419,63603.32475988,NO ,pyth,1,0.05
1781954100,0x1f9f530e3716d5424439e25c84b9713e78af2b58a5aed2f7574256818e5aa73e,YES,0.95,294,0.09,0,63607.00568136,63609.54215744,YES,pyth,1,0.05
1781954400,0xa8205a75b509b1dcbae89e64f5379d9700117c628f28de37b29f73d32cac055c,YES,0.99,240,0.00,0,63608.27503008,63658.48296666,YES,pm,1,0.01
1781954700,0xcecf1dde8d0e11430e7cb10853262a4698eaf79e343f0d45ef221a3404906f4f,NO,0.95,243,0.15,0,63658.70935788,63638.17500000,NO ,pyth,1,0.05
1781955000,0x157d9653c55af6ef0fcf94dc810a51efb6b1b63b1c53bb80f3ffe6ae66a53b63,NO,0.95,277,0.60,0,63636.57500000,63623.24755077,NO ,pm,1,0.05
1781955300,0x6e963ba9d64467818bd2261018dcc88da4794e3308b3c7235cb890ecfe89143c,YES,0.95,252,0.07,0,63622.61750000,63643.24675867,YES,pyth,1,0.05
1781955600,0x4389651b66aeb9575a2d1f95f417aacc200452b97e360aa17f94f39d9a2356a4,YES,0.97,240,0.03,0,63643.04383568,63668.26250000,YES,pyth,1,0.03
1781955900,0x40829ce866a2c4e1c41d3959fb1f37392458bd370660bf8cf0abe4931eaaeef2,YES,0.95,252,0.04,0,63668.24533595,63688.55320581,YES,pm,1,0.05
1781956200,0x3ea8e7e19f0982697f2b7302331486843971d90865da36e4b22d5e57f9e02218,NO,0.95,240,0.01,0,63686.82007097,63630.91500000,NO ,pm,1,0.05
1781956500,0x4374ec14eedc9f9ca6c0eb173a145c8d2c6e78a64365492de60c59086f9dd4ed,NO,0.95,294,0.14,0,63629.38192752,63622.75500000,NO ,pyth,1,0.05
1781956800,0x419f90dfa04cd39c116e0ea063afa50127b40bbd883d5637484cec905941c5b2,YES,0.96,278,0.05,0,63622.75750000,63632.44435123,YES,pm,1,0.04
1781957400,0xc8eb1577311b4f93c2ec0e0c9c35c159fa8d68c05e31a8dc153cd82c49c58dda,NO,0.97,240,0.01,0,63719.68874290,63695.73299231,NO ,pyth,1,0.03
1781957700,0x30dd23cd385d9b49d9acfe961a61daa76db7b3324a30b0b918a2a875949dfd5a,NO,0.96,291,0.21,0,63695.77229953,63689.60807658,NO ,pm,1,0.04
1781958000,0x805f6cf2e597740563e47c066b7c096d73d9c404dc9e243a48158e930471ab74,NO,0.99,240,0.01,0,63689.12375032,63691.60036674,YES,pyth,0,-0.99
1781958300,0xfa863674298fd7db444f67d332ba31247b09aa3f86a38e5b518810aa75ac91b2,NO,0.95,260,0.05,0,63691.66630827,63677.90426935,NO ,pyth,1,0.05
1781958600,0x1b2156ac1bb84e1b149a8e96c45f8a17fba821dc8dfb419f1e5f4d1a74684cbd,NO,0.98,240,-0.01,1,63677.85946448,63629.29058991,NO ,pm,1,0.02
1781959200,0x9913e5cb14c59c74e87d95658b1c1037a45ae3eee995710980c2d38e09386337,YES,0.95,242,0.08,0,63544.05503004,63566.31526844,YES,pyth,1,0.05
1781959500,0xd6ae0127abe65565a513c224c43566d07e0cbc0a511898a851dacf90cab866a6,NO,0.95,256,0.09,0,63564.78379030,63544.36000000,NO ,pyth,1,0.05
1781959800,0x36b988d51d0cbb55944d11ddfed06c33a3947910321c50e6a9faf15056d3955c,NO,0.97,240,0.01,0,63544.36000000,63531.33093109,NO ,pyth,1,0.03
1781960100,0x22d75998c87c8da572914576929ede6628f0cd76643247422121ac4b5be2d3c5,YES,0.99,240,0.00,0,63530.88429958,63595.42185528,YES,pyth,1,0.01
1781960400,0x1e067238a379dc05a92af01f2acd75d1d89c9a1c7d8dc52221f06aed5e5adafc,NO,0.97,240,0.01,0,63595.33740117,63566.16615979,NO ,pyth,1,0.03
1781960700,0xa48a1bd7201453311e266579f80f496370b361c6b4a4f7702b09ee958233b000,YES,0.95,271,0.08,0,63566.02000000,63577.06883680,YES,pm,1,0.05
1781961000,0x11fbc75ac37b49106779c7bff1266f31b4d2f9d46639db79b5890284fdfab406,NO,0.96,240,0.02,0,63561.21696156,63527.82210586,NO ,pyth,1,0.04
1781961300,0xb5bd57e97c43bbe579a2392b316b49d143d4e7757b0a88289ba80c4177fd262f,YES,0.95,240,-0.01,1,63527.56799559,63491.51902746,NO ,pyth,0,-0.95
1781961900,0x22782ba95f46585322b7fc43bd1fd93ddb90d0276d7c8ec68db00947a8e1e571,YES,0.95,303,-0.04,1,63277.87195015,63286.18757834,YES,pyth,1,0.05
1781962200,0x60f79a0bbc0cd76364336f274e1174adba4f196caa1c8b8afa7cb7dd8cc0bb01,YES,0.95,269,0.04,0,63286.18757834,63304.90639277,YES,pm,1,0.05
1781962800,0x3dce123b8d5a9e1c7a49c2f404756b9f04d7adca649c93abde8d4952c7aad2f5,NO,0.98,294,0.28,0,63388.92957559,63389.50673262,YES,pyth,0,-0.98
1781963100,0xd239e206d729525db037fc42ba4212b004130df3414a7b50dde8d85028f079e9,YES,0.95,256,0.06,0,63389.78943933,63431.04560148,YES,pyth,1,0.05
1781963400,0x38baed529a9deb79f300638f03c24aea6311f79ae90969c7f3f11a0ca50e8477,NO,0.99,240,0.02,0,63431.75795416,63322.44037062,NO ,pyth,1,0.01
1781963700,0x5a8a6aa0535d043203bf58dcecff90125fd9db00035c369eacb8b8c5a6b624cb,YES,0.99,240,0.00,0,63321.41188635,63337.56640373,YES,pyth,1,0.01
1781964000,0xd4d2b04faefa7b760ea699e45e08f5faa7a9cefff11b89d896947d9b3ae4f8dd,NO,0.97,240,0.05,0,63336.80143848,63290.31509917,NO ,pyth,1,0.03
1781964300,0x3f5459716813f2b2498d9a1d6a9ae48b9b10bf538d0c36da2541da6542225539,NO,0.99,240,0.00,0,63287.12369218,63182.00499999,NO ,pyth,1,0.01
1781964600,0x4db7f88400a8eab9a03d1eb343128420d8dbccef4de92fb7d0fc41801ce4c5f6,NO,0.95,267,0.30,0,63182.00500000,63155.00750001,NO ,pyth,1,0.05
1781964900,0x1e4a716895a1cc25bb8ad5110644c95acebac2647f7e6afeae354bb66529b31e,YES,0.98,262,0.05,0,63155.00499999,63264.78750000,YES,pyth,1,0.02
1781965200,0x8ce7a9eb7c12adb69af33ddf795029a764677d2a47fee917d0a26d47330209fc,YES,0.95,289,0.26,0,63263.43752060,63291.46500000,YES,pyth,1,0.05
1781965500,0xe0320ee01e5839255b2a754f67a2cf8408e011a8765c1dbd59a8dfba50cf7271,YES,0.95,280,0.14,0,63291.23110294,63313.45702382,YES,pyth,1,0.05
1781965800,0xb5890f1d3ba0dc903672e9e45026d22c7bd1eca78e536ede713bce8be409f84e,YES,0.98,240,0.06,0,63313.45702382,63347.85500000,YES,pm,1,0.02
1781966100,0x4f06f176a25574a559f831e8ff1b7e4cb528315421e81bcdd95ab62e7930f224,YES,0.95,306,0.35,0,63347.85500000,63348.42723487,YES,pyth,1,0.05
1781966400,0x04a3f9d5b168b24293614943f61e183468586d51d8fd747518ca6e9846657a8c,NO,0.98,240,0.02,0,63348.42723487,63449.47976681,YES,pyth,0,-0.98
1781967000,0xb8c89215c3c7ce08cc5d5b27fd5d2d1bb8c18f6f723f1224bb5fd21afd238a99,NO,0.95,289,0.18,0,63886.41000000,63847.13109416,NO ,pyth,1,0.05
1781967300,0x37f9c726b07d94315a4df32534bba9761a750a1ebd0152e18350adb8f22fb186,YES,0.96,301,0.26,0,63846.69481232,63889.98750000,YES,pyth,1,0.04
1781967600,0xeda17c6ce1318269ba031b9be8056fd9b9cb724e6a530e89c592a69b342bd5af,YES,0.95,271,0.04,0,63889.98750000,63968.32085019,YES,pm,1,0.05
1781968200,0xdbc8185de32e4f2af02c3c6e20ea3e141404372d2c3c66fb2e8a48e6fea96971,YES,0.95,251,0.26,0,63824.65000000,63936.54147002,YES,pyth,1,0.05
1781968800,0xa397b988e407ababf46e969339a200c7212de61381012db7cc4fc39def9cf362,NO,0.98,306,0.40,0,64165.54141523,64159.85587080,NO ,pm,1,0.02
1781969100,0xc50ef425ec332b2a27e4fdf047c8c302746556582ab17824102f54b08064a0e4,NO,0.95,263,0.09,0,64159.85587080,64125.75166258,NO ,pyth,1,0.05
1781969400,0x5c7cb80a6a449f0b6c2d48fd9a1893aa406b822939da39dc296e2a2559287860,NO,0.95,274,0.34,0,64125.72324730,64062.82249999,NO ,pm,1,0.05
1781969700,0x816d4cf35c1db8e6e3d08a3310c788cba02f25d6f263c3e8f88398ecc614ceff,NO,0.95,296,0.34,0,64079.62500000,64065.70194020,NO ,pyth,1,0.05
1781970000,0x398ed0e787ed7f12dee248d85761080e8e48c18faa66a6ca56e0fb853d56384f,NO,0.95,244,0.05,0,64065.70194020,64050.22013938,NO ,pyth,1,0.05
1781970300,0x354c7313eaf3cf434be7bd578f1d0b2f568dfbe31d591680ac2e96e1cc451474,YES,0.96,240,0.01,0,64050.75000000,64085.23503003,YES,pm,1,0.04
1781970600,0xef8298080f9d782caae3f49d62f2a8a748e50349fc945a1baa9d5a6618a1ca69,NO,0.95,242,0.04,0,64084.44717293,64035.99449148,NO ,pm,1,0.05
1781970900,0x65358329149b1dc8b4f0fc6a0c2aaaa2093f68f27b23dd0b9434171bf578be10,YES,0.95,284,0.04,0,64038.96965143,64083.62567088,YES,pyth,1,0.05
1781971500,0x5ba93f70d59a36aa2ada6830fa28042a5bbb10f64eb088e0b037bd27781b95ce,YES,0.95,283,0.20,0,63954.01500002,63974.39289782,YES,pyth,1,0.05
1781971800,0xa0bda813018c54aa2a1908feec83fb0fecce45701f263d9975d54777324c5ec3,NO,0.97,240,0.00,0,63974.60251500,63931.74589795,NO ,pyth,1,0.03
1781972100,0x3536ad54fe4edb7a226541b116397e4bd1bff976633ea62219ddabdee11eabea,YES,0.95,278,0.12,0,63931.64428424,63959.95520132,YES,pm,1,0.05
1781972400,0xa24d521f94d0e1052321b89c8a86841456637048f80d772cd3e93b507378d5c1,YES,0.95,292,0.42,0,63959.83536650,63993.96946556,YES,pyth,1,0.05
1781972700,0x869bbb43a28e989f413b02b4b5d90c48c25d55301357206d88fffc556b9bd6c2,NO,0.95,246,-0.01,1,63994.04324288,63937.36000000,NO ,pyth,1,0.05
1781973000,0x068fee25940b0a50d69f6d2114e7cd713aec58c0cd7bb6bbc74f018137579a2c,NO,0.97,240,0.00,0,63936.16002857,63879.57543359,NO ,pm,1,0.03
1781973300,0xb5739260f1cf0e1b84ba71d4274f29990e8b8ed528946e00063b9e12649e1bff,YES,0.95,250,0.08,0,63878.90539050,63985.65499999,YES,pyth,1,0.05
1781973600,0x8ddd0955b811bede8cdbfa66556b76dc23a1b7a53449baef41e79e7322fbfc51,NO,0.95,241,0.05,0,63985.65000000,63937.37094590,NO ,pyth,1,0.05
1781973900,0x108722417a1bbd884f996181e6e3a833455874dedd8cd2fc3510bf41c977451c,YES,0.95,276,0.19,0,63937.21110300,63956.93328075,YES,pyth,1,0.05
1781974800,0x9f2d1d995e1234b92e83beadd84890c9f3ec54d4e43e163bf7232ecf6449ed3c,NO,0.95,240,0.00,0,63962.51750001,63894.92555531,NO ,pm,1,0.05
1781975100,0xa5a44ca7b267a5bc40f258d21ffd7d67d346c260f9aac4aa121e224fc95b3ca2,NO,0.95,261,0.12,0,63894.71070038,63826.21499999,NO ,pyth,1,0.05
1781975400,0x140eaac6ca0001422e01bb6e92e6fdaea831792eb8d06bee93d96fcef64aa6f9,YES,0.97,240,0.00,0,63826.21500000,63884.87793228,YES,pyth,1,0.03
1781975700,0x562d4503aef613ed39d8aba1f00ae000c046c76b22450eb0653a427a808eec1d,NO,0.95,279,0.06,0,63887.71951386,63855.18001500,NO ,pyth,1,0.05
1781976000,0xd6445589596097a35db270d52b2fef286dc563627e06a00c855278408a45c44e,NO,0.95,293,0.09,0,63861.96563016,63841.17249999,NO ,pyth,1,0.05
1781976300,0x3970d331ff605f4f53a6ad8a3411216107c1c6ae8ab7c35d4632b9789139b33e,YES,0.95,263,0.06,0,63841.13807941,63920.90503003,YES,pyth,1,0.05
1781976600,0x2a58df3963dce19e4c221a91eb06787debf04fe71480340e57fbf3ba95e3ed2d,YES,0.95,297,0.38,0,63926.17389057,63933.25779096,YES,pyth,1,0.05
1781977500,0xd8c01834a13a8be1a32823bc8390be429464f2caab00a9aefd180e6ade863754,NO,0.95,291,0.20,0,63792.98689931,63771.03690324,NO ,pm,1,0.05
1781977800,0x234e7155c7673170bd23684257e152ddf17579a99923e11a912b2ccf79a0331e,NO,0.95,296,0.17,0,63771.00000000,63766.87412278,NO ,pm,1,0.05
1781978400,0xb721e9d555c4431726ebbac4b254c54e0f82ed455e6f9c64a013df134b33d204,YES,0.99,240,0.01,0,63769.82477813,63825.00249999,YES,pm,1,0.01
1781978700,0x7d868108f14bff5faf3c342659399006bce1f00f723db8f5ac8fdeefcaf1d62a,NO,0.99,240,0.01,0,63824.35362315,63763.11896487,NO ,pyth,1,0.01
1781979000,0x201015b3e8027187a1c234ab130c7c02342d711d85e4e1a3ec937717f0e85678,NO,0.95,295,0.29,0,63763.52000000,63754.86750001,NO ,pyth,1,0.05
1781979300,0xbe85fbba768c0392357fcc5aeb353363f084e0da038f8e7c7c4fbabadbe46a9a,YES,0.96,255,0.07,0,63754.86500001,63788.37059506,YES,pyth,1,0.04
1781979600,0x12303a2c5056750cf77d79af9bed8fa37348bd47dfb97c71298dbaead4ea73cd,YES,0.95,293,0.06,0,63788.31357912,63803.69251505,YES,pyth,1,0.05
1781979900,0xa93ee38d74ca3cd0c5720fa95d51fa2abab7c40a671a52b21f266e67ab7dd3dd,NO,0.95,283,0.15,0,63803.69503002,63796.20284553,NO ,pyth,1,0.05
1781980200,0x8068b583a7c3ef7bc97734583f03bedc4d420bca0908b28ae5c0f103ac9bb46b,NO,0.95,283,0.17,0,63796.20284488,63783.67503010,NO ,pyth,1,0.05
1781980500,0x68cf44c2317c5e285857ecca35b7505248ccedf7238bf068d91d7a8420b14d09,YES,0.97,260,0.16,0,63783.60716157,63799.70500000,YES,pyth,1,0.03
1781980800,0x88773b0ec3d4c549a9ed8315aab45c6a86621b673d8491027b4fa2bb7e983109,NO,0.96,240,0.02,0,63799.70750000,63744.73149642,NO ,pyth,1,0.04
1781981100,0x2e32923ff8fe2973ad6df9265beb0fccc6f0be5467d30337b4ddf9e858c55495,YES,0.99,258,0.36,0,63744.79499999,63753.01000000,YES,pyth,1,0.01
1781981400,0x1b500a0f13d2ae76f72e27b4d30c56cc1b16c09db3cd4cd2e02a33dd0fb7fe0a,NO,0.95,244,0.11,0,63753.01000000,63719.46575697,NO ,pm,1,0.05
1781981700,0xa7f4ea23ef62636088c8cf23500fd2a841133409cdb995b5d08673acb5ab2116,YES,0.95,269,0.16,0,63719.60255308,63735.09607716,YES,pyth,1,0.05
1781982000,0x4ca762de7d8d2ec29d1105162e26389e77df3f11c7ed8dd0b62952678ce1351b,YES,0.98,240,0.00,0,63735.29439624,63787.30500000,YES,pyth,1,0.02
1781982300,0xb80b23a084c12af6d661b9fa0b57cdbe196a5b97bf4f5632e9ccd62cfdb74c3a,NO,0.95,273,0.44,0,63787.30499999,63827.82044503,YES,pyth,0,-0.95
1781982900,0x42eda5d37e927103202d67ba75134ab5f4f5567801d4fc1577de2f436b0d3d8a,NO,0.95,272,0.13,0,63830.08000000,63827.12000000,YES,pm,0,-0.95
1781983200,0x93f0d2e5bdda69fb963d97b505cb5f8ac5fa717e659404d5540ac91999a54a82,YES,0.97,256,0.10,0,63829.53778331,63840.07140316,YES,pyth,1,0.03
1781983500,0x35b206d27888377ebe9814ef94869e29928c1c1888c6effa460f7973fdfa7cf5,NO,0.98,240,0.00,0,63841.66068248,63797.47011713,NO ,pyth,1,0.02
1781983800,0x900be2cbdf466ccbcf76d3c3ebc74f331665c4595e2cb56f5a07ca25c8029acd,YES,0.95,287,0.03,0,63797.08972671,63816.92429937,YES,pm,1,0.05
1781984100,0x4a46c16fd3f2cdc70b656c510b9f3573f24b8fdc968468f467f3e7c71b69fb09,YES,0.95,284,0.06,0,63817.10240825,63822.99503007,YES,pyth,1,0.05
1781984400,0x16d74532e1f32106c5ad39a27b5b6cb4179d8c195bf17d458d7ce246d70d7dd0,YES,0.95,297,0.24,0,63829.67528036,63871.04267752,YES,pyth,1,0.05
1781984700,0xf5247c02f0b0ead545916dc7a3eb1071c46eea326c75b4583e17715c5f4c363f,NO,0.95,241,0.02,0,63872.63000000,63862.72875750,NO ,pm,1,0.05
1781985000,0xac0ecce95074011aefb98278171f6216017e1ecc9f7865fadfc11fb90d2d6f3b,YES,0.95,293,0.30,0,63862.77500000,63865.65500000,YES,pyth,1,0.05
1781985300,0x945f6212af082ec9a7bfa8402ef20bfa0edc1d02696e910a60baceb1796f509d,YES,0.95,287,0.11,0,63857.01000000,63867.94099907,YES,pyth,1,0.05
1781985600,0x084b303b8ff6367299ef19c6c7994a257702d0552abe15114eff3feeec0ccd41,NO,0.95,294,0.10,0,63867.99785722,63865.02877605,NO ,pyth,1,0.05
1781985900,0x6f2bfbf996eb416b18c5223b3c42d738ad79ee3dc54b4331748f2b046c1011e8,YES,0.98,299,0.63,0,63865.02877605,63880.90298879,YES,pyth,1,0.02
1781986200,0xeaad518bbff42eab9c378cd4522364aa7ad011f88e76a1358a38e341f24ec645,YES,0.99,256,0.19,0,63876.10632933,63896.62592097,YES,pyth,1,0.01
1781986500,0x94be40c75ce734bc691fc5961b9631ae554703ae26d39b11a53550b58dc7f202,YES,0.95,290,0.46,0,63895.92690260,63896.74628540,YES,pyth,1,0.05
1781986800,0x878e06eba39df9df06f6513a79c1344b2ace66ecd1fcbdb4f39172a53d07ca1f,NO,0.96,240,0.09,0,63896.85592226,63871.98827724,NO ,pm,1,0.04
1781987100,0x45eaf29201f2047aa825a87178e99b4c85f3a336107775338a30567e96383a00,NO,0.95,259,0.23,0,63871.92436076,63838.01750000,NO ,pyth,1,0.05
1781987400,0xb86000b3d31a5d70b67a5f73259260c8bb3b1291799693d90450737df4bce722,NO,0.95,247,0.02,0,63838.01249999,63799.90110121,NO ,pm,1,0.05
1781987700,0x654ce9f55cde7501ae4691fa063d7b94f0d9f5cda9dbda8c3b8f1f4d3efd023e,YES,0.95,299,0.18,0,63799.79794670,63799.38694403,NO ,pyth,0,-0.95
1781988000,0x2d23b4f51c554af10a443d55d001f6b23a5c0e6afb99939b72aaf624b257e05b,NO,0.95,284,0.14,0,63807.79595395,63802.01500000,NO ,pyth,1,0.05
1781988300,0x5d061a57d84cabdcf9e1d52399a5ce0259fa16bde012a4d3a90e7cac2a97c017,YES,0.95,258,0.03,0,63802.00750000,63826.07518321,YES,pyth,1,0.05
1781988600,0x20b54d84d8fc755cf6875329f91e2d388ef8aba58d0f4ae8bb8fa11b1aeacbbc,YES,0.95,244,0.02,0,63826.13989401,63848.98761455,YES,pyth,1,0.05
1781988900,0x0cbc192895f28ccd00c3f538d275fa33277891273c5ac03db94826f379dc7894,YES,0.95,297,0.38,0,63848.81508400,63850.99250000,YES,pyth,1,0.05
1781989200,0x601726d6aad860bcbfd4e9302b8c025d38e4cce4fb1bf7e42c7811187491877d,YES,0.95,280,0.07,0,63857.31213458,63867.57811189,YES,pm,1,0.05
1781989500,0x03cebfd121124bd9c66e4935c619544f9fb53a3bf90b7fedca6cd62221523455,YES,0.95,296,0.13,0,63866.98276973,63867.86503001,YES,pyth,1,0.05
1781989800,0x2bb5ff9928ac17cab7e8212e37f6f53c3c0d612ff873e265eb60bdea9ff1146a,YES,0.99,240,-0.01,1,63867.51979826,63920.06917764,YES,pyth,1,0.01
1781990100,0x369eb9956605085a3ce031894ed77f35ffcd804978614f3997aa367342a024ef,NO,0.95,267,0.19,0,63919.27834330,63888.08847447,NO ,pyth,1,0.05
1781990400,0x1fcdf52b6d9db26f61c7d7a9c39bde9bc426733720a0faaea3a46f53875c5dc9,YES,0.95,299,0.34,0,63888.00861446,63879.32385691,NO ,pyth,0,-0.95
1781990700,0x307ebd38c8ec5df28ac86c86fa121b5491d1d75a18c0e46ef34c897b6f60d8dc,NO,0.98,240,0.02,0,63904.83063630,63858.36750000,NO ,pyth,1,0.02
1781991000,0x76ccf9dc94bce645908d17e3217c13535b2695f65390f6ad6b8726cd01cc2464,YES,0.95,294,0.32,0,63858.39159117,63864.59101191,YES,pm,1,0.05
1781991300,0xebf116f59e3cdcd3a27a8fd090af4844b3d17892e6cc5023496e749f40009cf3,YES,0.95,279,0.14,0,63864.48482871,63876.90032060,YES,pyth,1,0.05
1781991600,0xf67eed71b458f9036595fde6c836abf5823c419a614e35fd53ada0af141b0444,YES,0.99,250,-0.01,1,63876.70868989,63960.37090841,YES,pyth,1,0.01
1781991900,0xaaca8d23a6e06a104eda1c7a71d7c1cb8603c2c3c8df709b88d92d54ce8f8bbc,YES,0.95,297,0.29,0,63960.22637333,63978.05300089,YES,pm,1,0.05
1781992200,0xbfd4ae55610ffcf2ae7a4f3c5af8b6b465f637c75a8a72267203f723c862e1a7,NO,0.95,252,0.03,0,63982.45492008,63956.67499999,NO ,pm,1,0.05
1781992500,0x6d2393514fbc2d7d6e7d6cb6efabf36ea0eb48ec164089302787417699bba8be,NO,0.97,240,0.01,0,63956.67750000,63942.23392445,NO ,pyth,1,0.03
1781992800,0x11d827a9c3250cb426026f6b8b452d08cb398b25f4a6e43d87d36a9bb57ff77c,YES,0.95,263,0.16,0,63941.39406131,63954.21418212,YES,pm,1,0.05
1781993100,0xeb3b85cf7711012ce66fc06fc72441a2d74a5d994bddb1def624cf0f374bd944,YES,0.95,299,0.72,0,63954.47000000,63960.53503008,YES,pyth,1,0.05
1781993700,0x0c1bb56be9f6a2851ae8e3a0afeeea6f97a56e7d4c5d2e2939ac4087e18c8e5c,NO,0.96,240,-0.01,1,64059.82915571,64025.88500000,NO ,pm,1,0.04
1781994000,0x8d4eeeb7bb79aa3f023f5fa9bb27818233f0f70088f3eb2f62b6878eeea0c203,YES,0.95,243,0.09,0,64025.28372656,64143.45945994,YES,pyth,1,0.05
1781994300,0xd8299a36001ec9d2a532cac5ad991bfad8e0beabb346d8f2084c0071dd88d374,YES,0.99,240,0.01,0,64143.52360262,64228.27919409,YES,pyth,1,0.01
1781994600,0xe94e597ce591908f8c9b84af01a14a3f1d2aeb716f937f8dfa756b289246fb96,YES,0.95,255,0.32,0,64228.27919409,64238.60499998,YES,pm,1,0.05
1781994900,0x579748d683791c66428cb53bf1dee9cf7ef6656553e79fa88e3601159738d79d,NO,0.95,242,0.11,0,64238.48152278,64185.70001165,NO ,pyth,1,0.05
1781995200,0x9aa2d3792beb05b23150a556e6ce432a54244207773c3a888a81705123eda4b7,YES,0.95,302,0.18,0,64185.75365752,64198.86000000,YES,pyth,1,0.05
1781995500,0x7ae6513aeb5b5cb927ec0491524b7e441eaf2d678a28634bc36176aa7505cd04,YES,0.95,293,0.26,0,64198.86000000,64209.52210263,YES,pm,1,0.05
1781995800,0x1ff8ca4bbfa71f58903a9aa418bcc4e238049a51246a06fe062325c85d829c1b,YES,0.95,299,0.36,0,64209.52210263,64219.10500000,YES,pm,1,0.05
1781996100,0xd6685ba59fe723c75a34fa9fe0ec3fd23c4f99d2f43a05e6a07c7a371bef4ce2,YES,0.95,281,0.12,0,64219.10500000,64199.41497450,NO ,pyth,0,-0.95
1781996400,0x34f9de876e54ddc731a38b7fc7d816481a369f3b3674f1e1d4448eed70d38dad,YES,0.97,265,0.09,0,64200.27692265,64220.85000000,YES,pm,1,0.03
1781997000,0xc16105fa666437b98dc3f11eb82b2bcf110ab78c431f43a290367b6c79a629ab,NO,0.95,259,0.04,0,64227.02500000,64189.88750000,NO ,pyth,1,0.05
1781997300,0x33e82b81536db5b2422ebc3f1bda51292057e9919c256f353524a9c3c1344632,YES,0.96,240,0.03,0,64189.52926732,64206.07212159,YES,pm,1,0.04
1781997900,0x3aea2e50501b398f87b2e80104c300b5b15e5feaad4f33dd02034ea6e6fdb0c1,NO,0.95,298,0.37,0,64207.94544544,64197.96755105,NO ,pyth,1,0.05
1781998200,0x2d173210c8e52bcec8ae503608dfa346ec26d08b8f8e451d7889b195bc0a53dd,NO,0.95,290,0.37,0,64199.61025242,64184.71040763,NO ,pyth,1,0.05
1781998500,0xfa2a3adc1add7d15ecbe031e1050991073a74267bb4841e8724e600294a58f7e,YES,0.96,263,0.05,0,64183.68288840,64239.54840489,YES,pyth,1,0.04
1781998800,0x491497964766cf73edaea08ce037dfbff6c9619034348b582656d7c47f8e5d95,YES,0.95,291,0.08,0,64238.61005373,64261.34503006,YES,pyth,1,0.05
1781999100,0xce8fdd49314cad05f6ecd69b859460d9d6ab0716566403604734f0ffaadabdbb,NO,0.96,240,0.01,0,64261.02372333,64220.25688000,NO ,pyth,1,0.04
1781999400,0x39f9656b662fabdb2098de697a61cfb26848308f087716bf59c283473169f714,YES,0.95,297,0.21,0,64220.96771745,64244.25000000,YES,pyth,1,0.05
1782000000,0x6903b9731be1461c5cdf6e039aaaa9cd4d8aadfde415b382f6456f121027a6be,NO,0.97,240,-0.01,1,64225.83193501,64184.68000000,NO ,pyth,1,0.03
1782000300,0xe0cb45417bcf375a1c311c1e1e3172625f734827c4cf9ae49beb8024170bf135,YES,0.95,297,0.07,0,64184.68000000,64188.54503004,YES,pyth,1,0.05
1782000600,0x3124e4beef53bf822c1d9001b254550ace10485dcca281be28230619fcaa86d2,YES,0.95,296,0.23,0,64188.54503005,64193.13001080,YES,pyth,1,0.05
1782000900,0xc660de6f37bbc2814d87067a9058870e554cd05103571a1eae3902b0d52088c5,NO,0.95,297,0.24,0,64193.20660047,64173.76503010,NO ,pyth,1,0.05
1782001200,0x0c7da8182ee3008f381a5a0d2535f7b57d4a6ac746feb901905ffbc44e20ece6,YES,0.95,244,0.06,0,64173.76503006,64180.69943020,YES,pm,1,0.05
1782001500,0x18530f3d7738dc8ee0c73629c6d82dfe180d0ff71566a3cb9a29c441cc6b89da,YES,0.96,289,0.10,0,64180.69943020,64192.00503001,YES,pyth,1,0.04
1782002100,0xfb491ccaf9cd7f97213a0ce980f2614ab43f32f4be11a9918f40ed4f44e1ca46,YES,0.97,240,0.02,0,64193.55750000,64219.19000000,YES,pyth,1,0.03
1782002400,0xbbf8d6d057e8a6bb8b5cdfdc1ff5b0667edf8c8d4309273035282c1737120ab7,NO,0.95,294,0.34,0,64219.19000000,64209.23140024,NO ,pyth,1,0.05
1782002700,0x02119738a13c42c83de802ef43ec801856249a2b2fdc8e89f60fc74d060d4dce,YES,0.95,295,0.14,0,64209.20000000,64228.01501504,YES,pyth,1,0.05
1782003000,0x044cc4fca90baf765a402293976cfacd95d2531218aa1269a0db97c9f5af774d,NO,0.95,257,0.10,0,64229.89151578,64203.00000000,NO ,pyth,1,0.05
1782003300,0x7387c79467c6f473dd40b0cf2629e6ef0d4cf47a2ff9877e26b491f221ea3989,YES,0.95,295,0.19,0,64203.42050367,64217.94234477,YES,pyth,1,0.05
1782003600,0x247d8198eff6f33ea72ac9a0d8fe1800e0a14764b84c9ffb59b71aee3955435e,NO,0.95,295,0.22,0,64217.71758449,64200.89964563,NO ,pm,1,0.05
1782004200,0x458eedc79f7cf028e7e756431ab41c59ed4c24af8c6008a3a08172fed89b54b7,NO,0.98,240,0.00,0,64211.81500000,64176.12508463,NO ,pyth,1,0.02
1782004800,0x895a78b8ffa3449f5b38aa915969c0b69350c9e136c3a1df37adbf9ca66b06d7,NO,0.98,299,0.48,0,64177.40381360,64175.68063234,NO ,pyth,1,0.02
1782005100,0x31efa105348286fdb175a10cab8da2310066dddb6bd4d780f592284a6b72dae6,NO,0.95,299,0.61,0,64175.74480802,64165.09004024,NO ,pyth,1,0.05
1782005400,0x13b6b4660333955c230834ec3da78c846bef200749c44fe98b61e6e9838f2d09,NO,0.99,295,0.29,0,64166.12589142,64157.91500000,NO ,pm,1,0.01
1782005700,0xfcb3ce72042fb6fecd9ce2c9317d499be222f227320c66d63becc64cfb504bac,NO,0.95,284,0.07,0,64158.38655170,64145.87980131,NO ,pyth,1,0.05
1782006000,0x386174539e6ebed39298ebccf78676b669859a7602ef6698f27ee4acb9bcbccc,YES,0.95,283,0.22,0,64146.46371383,64175.80379223,YES,pyth,1,0.05
1782006900,0x8c703bf932844dac90f8d650e732b89cac977d2536b777c3fe22f0aa5b93968a,NO,0.95,297,0.82,0,64183.24250000,64173.15000000,NO ,pyth,1,0.05
1782007200,0x1ddf9b832c44cb61ad96e024858cf3cf8a4096fcd79a26b403c108d68dd5698a,YES,0.95,285,0.68,0,64169.94367893,64183.12189243,YES,pm,1,0.05
1782007500,0xc70913d9c64e337202788a623dd20f1b380d154688355f0f88af1dbf43258381,NO,0.95,299,0.40,0,64182.90577775,64179.67499998,NO ,pyth,1,0.05
1782007800,0x5d8cc3407b084e962c4d9ba9d578a6392ed9eb8906936473e70046b8a11d498a,YES,0.95,294,0.35,0,64179.80671781,64185.93933480,YES,pyth,1,0.05
1782008100,0x0ea85fa268cf24e3125e026593ddc1a373c9419c6d5f9ad5abef49a3b48cdc47,NO,0.95,269,0.12,0,64185.79127840,64164.33671719,NO ,pyth,1,0.05
1782008400,0x5885934afd5667a79bf2168cb5662296cefa1ea3f6fd2ae732e7650e60993b5e,NO,0.95,267,0.06,0,64164.33515328,64145.29419624,NO ,pyth,1,0.05
1782008700,0x132e537f3843dacb26df1c7655401974acf7cef4360a21536b4d05f94db37654,YES,0.95,303,0.71,0,64145.12075887,64151.64182530,YES,pyth,1,0.05
1782009000,0x0592e05757fb83236699f88f24342b5d912c5852567de8671b7e67b5574c1318,YES,0.95,286,0.05,0,64151.64182530,64166.40000000,YES,pm,1,0.05
1782009600,0x62e4156a84e1f4df29fae8390e2201eefd87c61fe2cf6e63d342452f8a6ff091,NO,0.95,284,0.18,0,64169.21000000,64164.59457485,NO ,pyth,1,0.05
1782009900,0x766e92f2ab5dd917d78130257fd34c9f45092e328e709183254eb638760e8bdd,YES,0.97,240,0.03,0,64164.59457485,64197.84717245,YES,pm,1,0.03
1782010200,0x5a8eb8034069fbd291639c0b94d957ace759a6acf82682f81398964e8add29b1,NO,0.95,299,0.63,0,64197.98486701,64187.25499999,NO ,pyth,1,0.05
1782010500,0x847be1a14132a2e4db44fcc206600606061ea04e038da604106bcdf7d642d8a8,NO,0.95,272,0.25,0,64186.74790416,64167.96256635,NO ,pyth,1,0.05
1782011100,0x322ba3e6d641249feaf3e3751cb16b6e0033c319404b35da3dbc76db2b1dad6c,YES,0.95,294,0.54,0,64171.30935141,64182.08715639,YES,pyth,1,0.05
1782011400,0x24f6dd97bbbd5cf42c05ac3febbb1878d365a495579c143c14136503a2589d37,YES,0.95,256,0.13,0,64186.08193092,64214.05750000,YES,pyth,1,0.05
1782011700,0x84665ef8630300cbe6c1ee46f120de0d3c6e7cfc3a293fa43c1aa09862e80c09,YES,0.95,240,0.08,0,64222.44556870,64228.11382400,YES,pm,1,0.05
1782012300,0xc1ad6b19a9a433ab659d1c0acc57eb3eaafda98f415a5b39ec6e068f680e7926,NO,0.95,263,0.06,0,64338.69750000,64279.88886576,NO ,pyth,1,0.05
1782012600,0x7190d2a9557baf4a990af456b132ab7d8fab09db32874a2a3378a4f6d4d6bdd5,YES,0.95,296,0.10,0,64278.17500000,64284.07618979,YES,pm,1,0.05
1782012900,0xf1ff98752c169722e1fa9df7ecdd2a48f31ce05acf898f8b5e0baaa9c862a0aa,YES,0.99,243,-0.01,1,64284.13503241,64349.12099731,YES,pyth,1,0.01
1782013200,0x57cb4582322cdfaa80a6118af9a7ab3ec391d0eac191887e81d525a7f6c82fa2,YES,0.95,257,0.37,0,64348.18250000,64373.24500000,YES,pyth,1,0.05
1782013500,0x9e1fd0ed628ff5f441c407b9adc9fcc5ab12d70a9af302ba42fab769f5da6574,YES,0.95,304,0.18,0,64373.24250000,64373.33256453,YES,pyth,1,0.05
1782013800,0x1f1c9a73fd9c0ac10702dc35ec6c8003db1d916ccde2fd2f1f4f9452b7915ce1,NO,0.99,284,0.21,0,64373.33256453,64338.59240240,NO ,pyth,1,0.01
1782014100,0x2d659e6ca30d538dfbc9636b147bcb2fc924c3e1809a00a5cc02ec748eb52586,YES,0.95,299,0.15,0,64337.46991912,64350.36944646,YES,pyth,1,0.05
1782014400,0x56ccbcdd801f4ac2ca50aebb004c44af416e4268154879887da8fa82e9390e5f,NO,0.98,265,-0.01,1,64349.86627757,64335.33878527,NO ,pm,1,0.02
1782015000,0x6db49ff15d3bbd4931a0723ea3c8565f275530168e173606711c49072b672733,NO,0.95,282,0.10,0,64334.11417211,64327.92705705,NO ,pyth,1,0.05
1782015300,0x2b6ba2351eb4f50b13d68fae12286482fd780dbd96866a3d31d58dbbd9ef9bc1,YES,0.95,240,0.12,0,64327.92705706,64360.31894561,YES,pm,1,0.05
1782015600,0x191563d7479d9117758077764e0067339cbc84882068c1c4b4aea940c9dc648b,YES,0.95,240,-0.01,1,64360.84227860,64420.06771873,YES,pyth,1,0.05
1782015900,0x8ddce09a57d7297b81a6c6ced639d65cfef81858af97a272c5546a5e0b3c06a7,YES,0.95,260,0.05,0,64419.61557138,64452.23000000,YES,pyth,1,0.05
1782016200,0x792184ae73b2ef9a0050d18c1e4a273b77e41cd5903012584262d856534e0a78,YES,0.95,288,0.44,0,64452.23000000,64467.01507852,YES,pyth,1,0.05
1782016500,0x1ebcd5751f86ae13ee7fb93ca7d14fbc9db971ea6304b4e7d10236427d56af1a,NO,0.95,269,0.07,0,64466.87705454,64463.99755167,NO ,pyth,1,0.05
1782016800,0x767079480fce8e222545de7fd96463f7c0b97684d7f5e83edd405826e9794124,NO,0.97,240,0.00,0,64464.09587371,64417.52250000,NO ,pyth,1,0.03
1782017100,0x098b12b10442fe1ee9379ca13802a03e77e7cb72be279fe48c73e2f1cc034c96,NO,0.95,262,0.05,0,64413.49500000,64388.93094444,NO ,pm,1,0.05
1782017700,0xf72b6db28250cf5fc8d7c824b62515c197293e0dabb9b054f65cdbaa5ec197e8,NO,0.99,240,0.01,0,64257.80602099,64204.56093267,NO ,pyth,1,0.01
1782018000,0xd4ea78bbea33e98d5a9e7fa1c272561dd120dfcd4e791248bd0284fc48f18368,NO,0.95,293,0.16,0,64204.21832186,64195.00000000,NO ,pyth,1,0.05
1782018300,0x303108d0c85994f4cf6fb633291293114e2bc529fc9b49abc8118510a477de87,YES,0.98,298,0.29,0,64191.63249999,64191.66503005,YES,pyth,1,0.02
1782018600,0xd05fd8f7f2f28dcb2147b099dfb87352f99e2a2e085ddaab79094acfd8d77877,NO,0.95,249,0.02,0,64192.09751502,64159.98000000,NO ,pyth,1,0.05
1782018900,0x6b8ca74bf8bd75a60b4caf13ceb228a6a0746eac2917fbdb3b0eabe3d5503753,YES,0.95,274,0.06,0,64159.98000000,64165.69491056,YES,pyth,1,0.05
1782019200,0xaae7b9604aa1ede033505ce8aa4fcecc427f32e9f4f3f80ca075768552997046,YES,0.96,240,-0.01,1,64164.87455062,64211.43558665,YES,pyth,1,0.04
1782019500,0x8437aac9f4d84a542d4fb80adeca6b7c9cf6ffca1ca0b81e379d307a3e50c704,YES,0.95,242,0.02,0,64212.10466151,64222.64978597,YES,pyth,1,0.05
1782019800,0x38405d8458448dc324b680bfb29e44eddb925555367065aa85d1043c68798ce0,YES,0.95,241,0.06,0,64222.55443362,64229.68835500,YES,pm,1,0.05
1782020100,0xe908db2197cb6f2499fd1105f2263f5f58253df2bfe17a10332ff0fbb37bfc50,YES,0.97,240,-0.01,1,64231.30086935,64287.90964004,YES,pyth,1,0.03
1782020400,0x17b5650dfce850f9082a111aa4b801deb304d19048e7ade829878872f2c33018,NO,0.98,240,0.01,0,64287.99249999,64225.04000000,NO ,pyth,1,0.02
1782020700,0xc5c6509306604e93c5dff0e1a01f7d9f4b789921a19cd1ea81b8ddd6ccdfa46b,NO,0.99,240,0.00,0,64225.04000000,64177.15269167,NO ,pyth,1,0.01
1782021300,0x701da0f609f24873448507aa2d8adc852feb2f1da9b2650a7ebd36844681f664,YES,0.95,291,0.06,0,64173.19350280,64178.96000000,YES,pyth,1,0.05
1782021600,0x976f03d7146ba4fd4902a2fdcd94c0cf33dae45e24fc0a21c07b8fa6cd0c1ffb,NO,0.96,240,0.01,0,64178.96500000,64151.52750769,NO ,pm,1,0.04
1782021900,0x261045dcf3821d213b95efb98cac89513ff4c2e8cc3e14dd47b6f143a0fe41ee,NO,0.96,276,0.08,0,64149.94542528,64132.82446173,NO ,pyth,1,0.04
1782022200,0x3a65b5c18698a766dc0906fe129dcfb7c8f9c81a559232424730084d6f9e93b7,YES,0.95,283,0.07,0,64132.82446173,64136.01436288,YES,pyth,1,0.05
1782022500,0xad62719bc44aa16ba31ff97aded601702c675c16db296034e998b5ffb6e38e65,YES,0.98,240,0.00,0,64136.97316888,64162.00000000,YES,pm,1,0.02
1782022800,0xa591984c732dabc23f96eb8b004447ebb4b4835ccd64837897d40cba647645ca,YES,0.96,240,0.03,0,64162.05919205,64185.09638978,YES,pyth,1,0.04
1782023100,0x9c17a169dcc266172b0a76461708597b44fca894f37b53561977325d236a3afb,YES,0.95,269,0.19,0,64185.32344266,64205.50610651,YES,pyth,1,0.05
1782023400,0x81fb9e7d9766c8d3e04b32c1fc641a92d1dc5a214e2e6025c66ae9035dbbeca2,NO,0.95,251,0.02,0,64205.51216167,64190.56919622,NO ,pm,1,0.05
1782023700,0x1edfbd9c71e1c0b8a4d85d10c0af0063f623f37245f67f7634934b7e53829168,YES,0.99,240,0.00,0,64190.06379231,64228.67360198,YES,pyth,1,0.01
1782024000,0x3fe1b61fb55887a47ae85ab47f0dd5c53d6f0ea33e9b5ac3e460cc8d9b6e8b17,YES,0.95,273,0.15,0,64229.10500000,64234.01000000,YES,pyth,1,0.05
1782024300,0x08ccfdba87695b868fa7001c755fa7e11ee3e46ed6058b47f60397b111a46c70,NO,0.96,260,0.05,0,64233.65005000,64221.44000000,NO ,pm,1,0.04
1782024600,0xedd09159fafec1b9ebc10d2e801818b2aa8bf3543d97fc5625680c6d96cb03df,YES,0.95,285,0.25,0,64218.45912599,64220.86000000,YES,pm,1,0.05
1782024900,0x87dafb09d96369af591746d3faac9ea9581b5cce38a6ce48e025261098c76065,NO,0.96,273,0.08,0,64220.91870905,64215.92740391,NO ,pyth,1,0.04
1782025200,0x7e656aff27c6c4a4f9b7cb8d366120d1c9587b6f870eb37cf8bd56d94d8b9166,NO,0.99,240,-0.01,1,64222.53343994,64178.95695040,NO ,pyth,1,0.01
1782025500,0x0ca3ba42dc0cff66183ae137ac5d10b55545384573d0ab378b4e740df1abfcf8,YES,0.95,255,0.03,0,64178.00828883,64184.16229319,YES,pyth,1,0.05
1782026100,0x021149d642694db66d7cca3c8621edf55ee6f550139b9ef937ece8efa26c733a,NO,0.95,293,0.53,0,64177.90250000,64168.73000000,NO ,pm,1,0.05
1782026400,0x79adb8d37d1361a5068a679677243fb8c40625c2cc733dbb6c266a6d21e25921,NO,0.97,240,-0.01,1,64169.44318040,64135.17854425,NO ,pyth,1,0.03
1782026700,0x090b5202a9e3a6456f7510a7d09954210a8113adb86114b5ee52b5cd0fbb7f82,NO,0.95,256,0.24,0,64134.75228688,64098.39835348,NO ,pyth,1,0.05
1782027000,0x5ab6714598f042439362571e69268dd4c1829aa164c673daa59e4bebe6e072b5,YES,0.96,240,0.00,0,64098.40913778,64151.61500000,YES,pm,1,0.04
1782027300,0x0eb1723c63082a09eea69eb99cb40151565c806ba37ff703c93b565c71c8ef78,YES,0.95,286,0.04,0,64151.79267276,64156.48535239,YES,pm,1,0.05
1782027900,0x4bff61a158c09b4531f14149a4f86d2cff610dfccab46992b358d51d90f2c08d,NO,0.95,286,0.06,0,64166.98750001,64158.10000000,NO ,pm,1,0.05
1782028200,0x8c83924cdb5fa2e488209f1f301f8733580985f7a96981c7d59182fe2e4cbe8d,NO,0.97,240,0.02,0,64157.08627789,64118.52000000,NO ,pyth,1,0.03
1782029100,0x9676f78d658196a9f4c280a330dc73a3f7f8e25fa67e8feae206560d032e7634,NO,0.98,240,-0.01,1,64113.77471516,64042.01500000,NO ,pyth,1,0.02
1782029400,0x8b7a6d6ec421d613dc8b17eee0f55e864f77bac10df4bd370332216aecbb458a,YES,0.95,299,0.59,0,64042.01499998,64047.87527283,YES,pyth,1,0.05
1782029700,0x635adb84a322fb60d51a8b80381694700f8afc445e355cec72a0e41e20e98f3f,NO,0.95,278,0.47,0,64047.81122508,64015.06500000,NO ,pm,1,0.05
1782030000,0x7fb619e40324d3b1c604fb2037c8caa033127c073f7fdd3fde2aaf71b145b11c,NO,0.95,243,0.07,0,64015.06750000,63991.73076491,NO ,pm,1,0.05
1782030300,0x8115fe4ddb7a6a0cc95ad79498e73fc3d4b69d9cd4e8995641fdecafffe7abeb,NO,0.95,253,0.06,0,63991.80588546,63972.46000000,NO ,pyth,1,0.05
1782030600,0xc9be2853237f0568f6c82eebe009c70b59ee20579787074203c924aa8a255d71,NO,0.97,240,0.00,0,63972.46499999,63885.16236562,NO ,pm,1,0.03
1782030900,0x8bf96fcf8e118bac1b028b6b7ccd6ae70e97bea66860ff5f6e5622229ba6e311,NO,0.95,296,0.07,0,63885.69052243,63880.85500000,NO ,pyth,1,0.05
1782031200,0x4e82735044895ef6f5a7bf3cab3d6b5e5348906b20fbcb1e64e4ff69bd8a5520,YES,0.95,279,0.37,0,63877.41789101,63904.95086061,YES,pyth,1,0.05
1782031500,0x190f364246dde5e670ac43830e847f16808a013bd80c0cd66d66f805b84872af,NO,0.98,240,0.01,0,63902.40671222,63864.25500000,NO ,pyth,1,0.02
1782031800,0xdf6bb33f847c21d778eda1bccf00209b93f922b3738013e56f8f1c532b3d8a3f,YES,0.95,291,0.28,0,63864.65729866,63883.41000000,YES,pyth,1,0.05
1782032100,0x6e80032bbbfdf39bba29472b2d1329a8b6605b6e337f65536aa07e266a493e05,YES,0.97,240,0.02,0,63884.78693915,63933.65623813,YES,pyth,1,0.03
1782032400,0x3657341ebd55454759a4c99625d1a0fcfaffdbe5795f9272195fadb50216d162,NO,0.95,255,0.31,0,63934.50625418,63929.96499999,NO ,pm,1,0.05
1782032700,0xf7351bcf7e529d3080741e3d137e55caf3c3df7b5a3c3fdada1334d51c176076,NO,0.97,240,0.02,0,63930.12732490,63898.84555176,NO ,pyth,1,0.03
1782033000,0xf9ca7ef54fd704f2ab54b208229bbcac8b44fe196acdde0640ebb7ee7629fa45,NO,0.95,299,0.38,0,63898.74460603,63896.35479502,NO ,pyth,1,0.05
1782033300,0x77ca647931766b00983755dca04ebec3ed6cefaba972643b08c329b0b316077c,YES,0.95,299,0.60,0,63896.35500000,63896.54390243,YES,pyth,1,0.05
1782033600,0x0cfb52ab146c4e353594c869557d984ff63d39cc9a6b899a866109b8ae613f1a,YES,0.97,261,0.14,0,63897.04911309,63938.63971143,YES,pm,1,0.03
1782033900,0x4f39c5f3fc40304a6e4df6bd3d9f852692278d5ca0940a17b7c388b73cb7407a,YES,0.98,240,-0.019,1,63938.61000000,63972.86261153,YES,pyth,1,0.02
1782034200,0x22fc7898aebdaac6f2ed3e1070b8c0199b30ca6b367b8d87bb47ee064ac997f6,YES,0.95,242,0.06,0,63973.73103024,64025.36662402,YES,pm,1,0.05
1782035100,0xafd402d9adbd03c95bca211da0df86c981d46c569735363b5cf22b0d6330dc98,YES,0.96,280,0.28,0,64057.35191013,64060.99500000,YES,pm,1,0.04
1782035400,0x2565d6834c404bdfebb1e35b182e087ec761d5065abeb4b798b3b93599fcfc3f,YES,0.95,240,0.10,0,64061.00000000,64108.78725761,YES,pyth,1,0.05
1782035700,0x3a8584ddad8da4c5c77165c8f794b5f1b495bf9222f0f00e9a3ad80cd618f547,YES,0.95,275,0.12,0,64116.74500000,64127.56985593,YES,pyth,1,0.05
1782036000,0x46ec782ede336e564bd0a598d018e6c6058ae398e3f5e38d016df6e906de8850,YES,0.95,274,0.06,0,64127.93171053,64139.62444213,YES,pm,1,0.05
1782036300,0x7daf667616b889646e024fb3a1c555ba45aa072d8ea67990e147360a66a40f40,YES,0.95,259,0.08,0,64138.87404955,64191.29750000,YES,pyth,1,0.05
1782036600,0xced8b5fdfbe12d8c5d366164ee27f70443a41d70c295b6c9cab458c42a6005ed,YES,0.95,286,0.20,0,64190.09298341,64202.01500001,YES,pyth,1,0.05
1782036900,0xb6dd435ac37947aa200c074a0262320e0c2022db5266bc1c45f9f58ed5423924,YES,0.97,300,0.64,0,64202.01499998,64205.86250000,YES,pm,1,0.03
1782037200,0xdfec615034835e5b0c78b15709c9aac6d31703ba99159cd90a3537603f55818c,YES,0.99,240,0.00,0,64205.86750001,64278.96594035,YES,pm,1,0.01
1782037500,0x992a6f4c3c8602d56ff9c54a34aa46c712847b16ebfccd7528b561411e035874,NO,0.97,240,0.01,0,64276.00750000,64229.19643568,NO ,pyth,1,0.03
1782037800,0x1729d794ae4b790ba44ffb9284a3882e8dbed7c0faa8998281345e1838e43edf,YES,0.95,247,0.08,0,64229.18700019,64245.44159569,YES,pyth,1,0.05
1782038100,0x0b3b8c88c63ffbd9835d9e13c4a48aa01816da5f3f45bb35e0e5d7287a98eeb0,YES,0.99,240,0.01,0,64242.86030212,64269.68499999,YES,pyth,1,0.01
1782038400,0x731de57ebab2f752b2ae1151d00b763e06d27123af2976d4a8907ddc2c9f20ae,YES,0.98,240,0.01,0,64269.68499999,64268.70150494,NO ,pyth,0,-0.98
1782038700,0xc77c4d54553729ccc68469e89134850583ecae431546be391b36579d1f2afd84,YES,0.98,240,0.02,0,64268.32955896,64320.23028477,YES,pyth,1,0.02
1782039000,0x63b8c55bcac55fcbe05db43509d1c6119a81978fbab8149bf136bf480285e918,NO,0.95,261,0.02,0,64320.29460500,64286.32904038,NO ,pyth,1,0.05
1782039300,0x9c30725cce48c2008296d62a1cd121c7be35f4820f2c653d0aa85f883bb9ecf4,NO,0.95,288,0.23,0,64286.44263500,64286.49996054,YES,pyth,0,-0.95
1782039600,0x75ecb129759220da67a1d5a65bbd67ed89b45d87a4d1f752484dd601ad376d81,YES,0.97,281,-0.03,1,64287.93000000,64317.60757492,YES,pyth,1,0.03
1782039900,0xcd83863c91f185b59caf4b5e4ab19828ddfe5e90894f934acda21107292d2718,YES,0.95,276,0.13,0,64314.67466065,64345.43318025,YES,pyth,1,0.05
