window_start_ts,period_of_day,condition_id,side,order_id,intended_ask,size_shares,size_matched,notional_target,entry_offset_s,swing_at_entry,btc_at_entry,post_status,post_error,target_pyth,final_pyth,price_diff_from_entry,resolved_side,won,realized_pnl
1784065800,262,0x5c6b3d3678c1810b234b34f3b6b60931466e1fe59e970b8d1a355fadb93bafa2,NO,0xc6f530775a684c0d552495495c0cfe7375b7c3e114eb98acc55516102dc6015e,0.98,2.04,2.04,2,240,0.01,64609.73,Matched,,64655.19000000,64609.34663722,-45.46000000,NO,1,0.0408
1784067000,266,0xa84a5af47873a41d65f55e2b1913ba3ff2534bd9f2fdcdbce0ffed19eac42223,NO,0xa84920114287485e490e735f759d503e9996778c01e4400347ac3d364abecf2b,0.96,2.08,2.08,2,240,-0.03,64494.75,Matched,,64547.75513311,64498.53000000,-53.00513311,NO,1,0.0832
1784068200,270,0x394f7adfb0aa4b245c21ba8d6f8a49bf0f40940b381e59a98f3433943e481a87,YES,0xb23912777b58b45d8763e8fa3f8f427447214cee803166f8127074c3d05e7ef3,0.96,2.08,2.08,2,255,0.04,64948.5050,Matched,,64891.15250000,64940.76000000,57.35250000,YES,1,0.0832
1784069700,275,0xbf37a12f4992d41e1fbc5b717cb222992822bbbadd59b9bd550bee282871b14c,NO,0x4aa7a9d6a0c629214aa0742152397c3b7077a0b72144ad42d81f6052c870e3e0,0.99,2.02,2.02,2,253,0.02,64824.05,Matched,,64872.93000000,64818.26736158,-48.88000000,NO,1,0.0202
1784070000,276,0x534d9c4ca00ae6f60392f083cc00b436afc0f69ae747714cec311896b0cdb820,NO,0x199637a51175f52cee9a3b34f431291cbf2bb8d554f0b09f473aeee3afeb48c4,0.97,2.06,2.06,2,253,0.03,64766.1,Matched,,64816.52000000,64795.65513810,-50.42000000,NO,1,0.0618
1784070900,279,0x22ae76881dd273b07b4b93c928390228c301c0e809450712ce30e235c7144f02,NO,0xf8a617b09d26b8c5a423dfee2e6d7e867874077a6d9f4ff70aa3a2ab35bbe7ea,0.99,2.02,2.02,2,250,0,64901.98,Matched,,64972.54219425,64900.05393150,-70.56219425,NO,1,0.0202
1784071200,280,0x7303099fdf2390561e08b76d51c37a6c5f3579704f4f706059429cc397359b9b,NO,0x03ff6a7e7af565e3b686dd1cdc4ec820d6f470ab05042bdd9ff018a1dc6900fa,0.98,2.04,2.04,2,246,0.03,64854.03,Matched,,64899.67260696,64854.26195355,-45.64260696,NO,1,0.0408
1784074500,3,0x60c2c5a6a0b70859905d552d4625e2f70ef55eb7205b86c3185331348699cb2f,NO,0x4efb18ed01a0a22038192d06954f9914d7a27fd0b50d46f04a9136a177e864c8,0.96,2.08,2.08,2,260,0.04,64830.82,Matched,,64876.51567453,64827.01574942,-45.69567453,NO,1,0.0832
1784076000,8,0x2d9f35aa1e24e0892a1730bdee49c2962c2ea8b0c43dd0d0a8aac82519f590c1,NO,0x6ef20ac71d881fd2bc01ceaf9f3ce0e2022c96dc0a52f7af6d0ee8b3859ce81c,0.98,2.04,2.04,2,240,0.01,64729.88,Matched,,64777.88019647,64736.24046978,-48.00019647,NO,1,0.0408
1784079300,19,0xf83539bf7f09638607fffc6bfc3cecb73baeda7683da196e1d7debce508b7899,NO,0x72ac9b18827db833ec2b57d70e6fdc43d175ad32d59a775dfe39d908ae0ac84f,0.96,2.08,2.08,2,252,0.01,64672.8650,Matched,,64718.09327601,64658.52598177,-45.22827601,NO,1,0.0832
1784081700,27,0x59d4ad57fc5b87e4e108cc9a743902aeca55ebd6148011ae2c69456c1004c33c,NO,0x17855c5e6ab3084c6ef4cd4fe2eff31638b6d5805209c83915c7573a42059e6f,0.99,2.02,2.02,2,250,0,64570.52,Matched,,64661.39955647,64556.41159364,-90.87955647,NO,1,0.0202
1784082300,29,0x8b154d76086a1330e30c8ae691278f0895e495c94e59f91f565a00952b4b74a8,NO,0x3e5e9809c25a1b88fd17812851c2249c527c2116a0ee52db7d73d4def1e58ce5,0.99,2.02,2.02,2,278,0,64479.75,Matched,,64527.87067887,64473.91499999,-48.12067887,NO,1,0.0202
1784086800,44,0x436cad01207157072b266e558c765b8587e74e468ee78e4a50e682009d6e8f50,YES,0x862215d5f88c0df296d16506e5dc410e28fb2883213c05c8d779e317dfd7d770,0.96,2.08,2.08,2,241,0.04,64667.0450,Matched,,64616.58405574,64650.37500000,50.46094426,YES,1,0.0832
1784087100,45,0x6105eba2a8b1c5b1700eaad3577bbe9f8237eaf001d3978c6798b438d689288d,YES,0x983289be056094dfd17b085bae12726a7ecf0c525237c8c972726998c5d6f8df,0.98,2.04,2.04,2,240,0.02,64699.99,Matched,,64650.37500000,64697.39607527,49.61500000,YES,1,0.0408
