window_start_ts,condition_id,side,entry_ask,entry_offset_s,swing_at_entry,entered_on_down_swing,target_pyth,final_pyth,resolved_side,won,pnl
1781657100,0xe60258b12f1477fa1658844660d4052c2f3877de3097b357656e1ac6802ec605,YES,0.95,292,0.49,0,65766.23561797,65775.80866242,YES,1,0.05
1781657400,0x7f1263daffbd2da43bc200dc0aa20f0d388d76a75663619752b626d8a1d4aad3,NO,0.99,240,-0.01,1,65775.51777949,65649.78000000,NO,1,0.01
1781657700,0x29d8f96f5cc092cc3c228a3d4b1caeab9c42463ef16ee091f5a4e3d093c67b75,YES,0.98,240,0.01,0,65645.95104173,65649.92318249,YES,1,0.02
1781658300,0xf564e5d443f11b24725d1c458dcb5bcaadb66b352dc73a4846390fff96632f99,NO,0.95,296,0.03,0,65734.55749811,65730.64822195,NO,1,0.05
1781658600,0x1d0c0a6590b0cff9cb26f619c59318041bbce343b99338fca97da2b9496d1d9e,YES,0.97,303,0.36,0,65730.64822195,65738.98249999,YES,1,0.03
1781659200,0x6f51e4adfcab6f5527578f5c79b110d740067fe4f8ca914c18282f0a007862b8,NO,0.95,294,0.05,0,65536.65160775,65505.38409188,NO,1,0.05
1781659500,0x04aae663f468eb5070fb5458a46cbe4dd8b480be778d95c1831a6cf8461435c6,YES,0.95,297,0.03,0,65505.38000000,65527.76000000,YES,1,0.05
1781659800,0x80acf6d61c0d2cea44a48697f7fab6de3d6199a564ef0ff4725f9a2f1edd79f8,YES,0.95,300,0.49,0,65527.76000000,65543.94723057,YES,1,0.05
1781660100,0x526d92c4dc1c8b89b09935b138918ccd31462245a3b6bab6168a56e9dd532a4a,YES,0.98,240,-0.01,1,65543.94723057,65615.96000000,YES,1,0.02
1781660400,0x8144d95e55c4d87e17744f86a8b85e76192a3745935c9a9b2b58c2287e9c5794,YES,0.99,240,0.00,0,65615.96000000,65698.82500840,YES,1,0.01
1781660700,0x2d2d7417e868be9aa4311f8808d945a2516ef73a5d50065211f673230e28056f,YES,0.99,240,0.01,0,65699.02210468,65813.19000000,YES,1,0.01
1781661000,0xf48c8b2976fdc91af3ea6040cbedc381239aeb9d5e314de1f54602a2a43dd952,NO,0.95,296,0.10,0,65820.84344836,65816.54902725,NO,1,0.05
1781661300,0xb1c2c1377dea9fe5be682945c9465f1306e2376eb76f4716d2a0f66c88721953,YES,0.97,240,0.01,0,65816.54902725,65877.59451328,YES,1,0.03
1781661600,0x8a47a49ce83eea3b7d97efa3c21a1cc950774d5f5630aadfbd7c1ad288be842e,NO,0.97,240,0.01,0,65877.29022331,65841.87341584,NO,1,0.03
1781661900,0xb6dd9e99e32812ca6808fd816c7dedbfc4dc886b25b9c8336a104737b101497e,NO,0.95,257,0.02,0,65841.89,65800.91262807,NO,1,0.05
1781662200,0xecba3437bc87cc1354d8fa21a7d189d21dc531eac42669da910d6afa89032de1,YES,0.95,246,0.07,0,65790.59300492,65841.49954080,YES,1,0.05
1781662500,0xfb838248b50fb3641081fd283e4522d80f873262e47d325c3cfad4ef9912d631,NO,0.95,266,0.07,0,65841.28694650,65836.19000000,NO,1,0.05
1781663100,0x7a8f8ceef5af72202c3e4635a9afc2cc45f1855039297283db19f5e118f08514,YES,0.95,297,-0.04,1,66023.01391296,66030.40812299,YES,1,0.05
1781663100,0x7a8f8ceef5af72202c3e4635a9afc2cc45f1855039297283db19f5e118f08514,NO,0.95,278,0.22,0,66023.01391296,66030.40812299,YES,0,-0.95
1781663700,0x2a6f40ee8e74fde38a33d4f835412c1cda91dc803668aa45c44594d096f7d3f9,NO,0.95,240,0.01,0,65855.54081077,65731.03114441,NO,1,0.05
1781664000,0xe04517bc46631128473f6e5746bbbf6437df39b8188b92f3ec528f23f36cc584,YES,0.99,240,0.00,0,65723.63050437,65798.00000000,YES,1,0.01
1781664300,0x7cc56e1929a63625631d4dea3a65e4ec19ea8d7959f864f4fccd510391efffa6,YES,0.95,275,0.10,0,65801.51327761,65822.20250000,YES,1,0.05
1781664600,0x53cb363f2929ee79dbb842ebd1cd6e6d58fe2a0afad7cd387add36cd0dc413ef,NO,0.95,253,0.05,0,65822.20499999,65798.58283963,NO,1,0.05
1781664900,0xdeefd0eb5b076851e549322aec773418e8491a488c7aa32537fd60ae032de4e8,YES,0.95,241,0.02,0,65798.41000000,65845.10294480,YES,1,0.05
1781665200,0xae84f370796d4b04e2a05b5c35b5fa152b0eedd5ad5b6ab62ce8904e73cd61bf,NO,0.99,240,0.00,0,65845.00929455,65802.60000000,NO,1,0.01
1781665500,0xd4e2f381f4f6dc03bea0433d087f6544a63c71ec49a8b1101a226705af57d5be,YES,0.95,279,0.07,0,65802.60000000,65780.58089365,NO,0,-0.95
1781665500,0xd4e2f381f4f6dc03bea0433d087f6544a63c71ec49a8b1101a226705af57d5be,NO,0.95,296,0.87,0,65802.60000000,65780.58089365,NO,1,0.05
1781665800,0xbbae51f14086ca8adfb58ab2c2af698925060eaf07224aaca4ff99ae660b47b8,NO,0.95,271,0.05,0,65780.58089365,65759.59500000,NO,1,0.05
1781666400,0xafa301366f2eb24c2dbdebebf24ad28a3fbb0f077ae79bde4556d243a7ba1f78,NO,0.95,240,0.02,0,65697.00145906,65669.87085722,NO,1,0.05
1781666700,0x259d3aecfead8bf8a7dbb0d2fe02b198a0943190064e36311e959a995dafffd3,YES,0.98,240,0.00,0,65669.59794762,65722.21000000,YES,1,0.02
1781667300,0x3bfa48080e04fbad13f1badf202b509de0d14f4f15bbd3983f8b1087e7948497,NO,0.95,240,0.04,0,65782.22171111,65755.88500000,NO,1,0.05
1781667600,0x3c8dd3551fba1f2a0ab14b7bdf135b97929afc8d6dc9afc1eae83415a79eb7aa,NO,0.95,284,0.20,0,65755.88000000,65742.44500000,NO,1,0.05
1781667900,0x59174f1ba614e35b8ab7b70ba088b18077146fa468ecc6613a0e489c99607af3,NO,0.95,298,0.40,0,65742.44500000,65754.33728800,YES,0,-0.95
1781668200,0xfc709a04c0b145762fbff116b7c960de4e89ae952de4362f0d8dad833dd39050,YES,0.97,240,-0.01,1,65736.9950,65778.55028221,YES,1,0.03
1781668500,0x3bc4cc2db097ab5eb1401e5316e1017f67cfa656b14ad67bdb3b604cd0c21b5f,YES,0.95,276,0.76,0,65779.13260639,65791.64499998,YES,1,0.05
1781668800,0x73128336e6c65b4bb23fd9ce4196766a478da12dc52eb1029cd780e7f211a324,YES,0.95,296,0.08,0,65791.64499998,65792.97500000,YES,1,0.05
